customer_id,market,age,tenure_months,device_price_usd,deposit_paid_usd,loan_amount_usd,monthly_income_proxy,data_usage_gb,mobile_money_txn_count,days_past_due,repayment_status,risk_segment
68c5bd8e-2984-4687-81d7-fe3546f9fb73,Lesotho,48,88,492,226,266,145,46.51,25,25,Current,Low
2f85c23c-9bae-4644-87c1-da11811217b6,Ethiopia,64,92,182,262,-80,214,35.86,16,0,Current,Low
c5dcc013-f256-4ffc-ab29-54a9c8b8f82c,Tanzania,21,89,485,247,238,1696,31.66,151,7,Current,Low
773f0216-765e-461b-b809-adfeb9f990b2,Mozambique,55,17,567,195,372,240,24.84,79,30,Current,Low
750fe2e1-072d-449e-9c2e-52c675bfe141,South Africa,48,100,1029,155,874,2727,37.59,44,0,Current,Low
902557b0-d53f-4e04-a168-9020e24979dc,Tanzania,41,89,337,218,119,2727,38.71,99,4,Current,Low
18406c07-24c3-4065-a1d0-a81bc6f658fe,DRC,43,5,615,252,363,1411,44.45,180,32,Late,Medium
a45bd184-e68d-4478-9f10-47af31ed082e,DRC,38,103,1112,266,846,1491,36.84,96,51,Late,Medium
fe3b8a12-dfbf-4e17-8905-0987a6d20eb4,Tanzania,56,62,1145,79,1066,1431,20.42,133,2,Current,Low
0ed0f39b-23d6-4a4d-aaa1-07b273d4c734,Tanzania,41,79,802,123,679,557,2.42,54,13,Current,Low
3892d6df-5253-4fde-9430-b43df5ac4831,South Africa,41,89,212,92,120,1094,39.85,18,28,Current,Low
88b996e6-8327-42b0-9b45-67b0b2f529bb,Tanzania,59,69,122,244,-122,135,49.22,150,30,Current,Low
0087123f-4633-48f9-b30a-bc462daefd76,Kenya,29,72,1032,299,733,2811,29.11,36,8,Current,Low
99e4a74b-6d20-45d0-8b85-b00f78fb53fb,Tanzania,25,41,625,192,433,2212,23.43,63,23,Current,Low
32271f87-6de7-4698-8aae-623699541c20,South Africa,20,21,123,230,-107,448,44.07,149,19,Current,Low
7b2e90b0-a804-4ac3-894a-752d7fd2e7d7,Egypt,35,47,1072,265,807,801,22.83,4,16,Current,Low
5b3c9de9-c703-4c13-aa83-a77dc9ff82c0,Ethiopia,29,112,941,276,665,613,49.68,191,22,Current,Low
8371cac2-a83e-483a-91a8-dd4d1412a9e8,Lesotho,61,9,125,80,45,548,18.66,168,0,Current,Low
0618e009-fd18-4a9c-9f2b-25d032a5b8dc,Egypt,64,66,1141,73,1068,1849,10.63,69,23,Current,Low
ba0a8f04-9b4a-44c9-9064-b68a880c359d,Mozambique,33,47,566,189,377,262,15.96,175,28,Current,Low
cd9200f6-a6ba-4e0e-9c41-d375c0cbb45f,Mozambique,57,64,917,101,816,1326,33.76,199,28,Current,Low
3272c252-18bf-4c43-b72a-a7d460b85174,South Africa,32,78,398,38,360,127,10.77,14,0,Current,Low
1113fd5e-f0b0-4ff9-b4df-b2d888d491e0,Egypt,28,46,906,135,771,690,49.4,84,0,Current,Low
b1f87c5e-da2c-4a8f-9039-08cf31a32d10,Ethiopia,24,40,1189,256,933,2429,47.2,200,0,Current,Low
7dc54980-7139-4260-b99f-2a9ef4b36dfb,Ethiopia,40,94,244,174,70,1478,47.69,4,0,Current,Low
e1027957-5ecd-44d8-9f9e-0990765ca33b,Ethiopia,61,40,122,161,-39,2789,26.99,123,39,Late,Medium
55acbaf3-9b2b-4287-97b4-c34c32b28f7a,Lesotho,35,95,1168,153,1015,1580,5.51,179,6,Current,Low
979d0022-dd5a-4ac4-a71c-1654a664f9cd,South Africa,28,19,609,281,328,1076,29.15,28,14,Current,Low
4e179e57-7e7b-49c3-a90a-0cd85b222ac2,Mozambique,19,104,350,8,342,2772,47.55,180,0,Current,Low
a7e7d9ba-ec1e-4421-bb12-a02f48e4adb2,Lesotho,44,4,906,262,644,477,1.91,136,33,Late,Medium
5761665d-c5f0-435d-bebd-363a1214ab9f,Egypt,22,117,191,294,-103,1769,20.33,150,38,Late,Medium
53b3f13c-8e64-42bc-a12b-3d700addd568,Egypt,28,107,474,173,301,1386,45.78,20,8,Current,Low
927a3c4e-e372-41c5-a699-e08918e707e9,Ethiopia,25,88,549,112,437,300,30.92,42,44,Late,Medium
68e7918e-e0fa-441b-ae28-a7f2f5542d4e,Kenya,24,111,564,56,508,342,19.33,64,0,Current,Low
b2e3978d-3a51-4398-83f6-c593ffc9d1a9,Tanzania,51,98,500,266,234,268,31.02,45,0,Current,Low
97ef86d4-5422-4f44-953b-9f2f9551b9b1,Mozambique,32,113,662,63,599,1622,27.04,118,8,Current,Low
c2baf650-25e0-4cd0-a97f-5abb48e324b9,Kenya,33,50,572,134,438,2951,47.36,39,0,Current,Low
e3a0f4ed-bb17-4e4f-bd37-d11df6cdaf99,Ethiopia,61,72,987,105,882,872,20.57,35,0,Current,Low
00286888-b423-4e32-96cf-01e6a50b13a9,Lesotho,42,24,123,21,102,1318,5.33,130,62,Default,High
70b5f117-9a49-4d57-8ca6-684133218ab7,Kenya,29,18,867,107,760,2028,17.17,95,0,Current,Low
6cf12d64-27c2-4a04-892f-b9cf41892f4e,Egypt,40,22,691,84,607,2617,29.35,63,0,Current,Low
50a8adc2-0dab-4cc1-93e4-52361b981c68,South Africa,60,64,840,295,545,2304,35.57,117,0,Current,Low
e3ecd657-4f9d-49f8-8e1b-d07e0e6569e5,Tanzania,38,97,846,283,563,581,8.59,61,0,Current,Low
c08c9e30-64ab-4546-8757-58cfb8c37306,Mozambique,29,34,1112,159,953,2204,6.82,152,26,Current,Low
bc7cf54c-4231-40b6-be5c-75b5ccf3d247,Tanzania,30,15,370,225,145,604,40.68,54,40,Late,Medium
a1aefffb-2deb-4339-b62a-127ac9b8055c,Lesotho,63,72,240,289,-49,661,15.93,102,8,Current,Low
41b3ae9d-47cb-4346-bacb-bfd4c6b73de3,DRC,22,44,830,215,615,166,37.15,148,0,Current,Low
37521060-aed2-413c-9596-1f51d04cfd16,Lesotho,48,76,1097,224,873,1974,49.52,28,0,Current,Low
233f2cc1-ac12-435c-b37d-7f4fe0aa95ad,South Africa,47,79,86,14,72,1967,19.91,101,0,Current,Low
cee2c02d-fc26-44c1-a20b-ce3085f95ca2,Mozambique,53,118,334,210,124,1325,29.57,30,0,Current,Low
a9de4243-f043-427e-acb5-891405699b2f,Egypt,50,77,553,276,277,234,44.56,113,47,Late,Medium
1e1d2f96-9019-4bf9-9ba3-758811233fc0,Ethiopia,24,38,996,271,725,1064,19.8,90,12,Current,Low
62308d1b-e76a-4571-9f30-fae0af966d4a,Lesotho,65,119,606,32,574,646,37.95,159,4,Current,Low
78a2f73c-aac1-4552-a7b5-7d0e9dd34e57,Tanzania,24,33,437,120,317,1123,34.15,192,25,Current,Low
2051ea83-97cd-4c3e-9f33-50bac2a6d1a7,Lesotho,25,23,102,237,-135,290,28.69,114,25,Current,Low
b5197c89-4f79-4f34-b03d-a7838cb08411,Lesotho,47,107,135,256,-121,558,18.21,178,13,Current,Low
9cd63124-c41f-4975-83ed-95245b58b2d6,South Africa,41,96,205,289,-84,746,15.33,27,0,Current,Low
52d49ec3-877a-44d7-b7be-0b1c99db7f7e,South Africa,27,76,361,24,337,2174,1.25,98,24,Current,Low
56a7cf1b-dd7d-4a55-a018-105e456a647d,Tanzania,50,90,828,159,669,2845,3.33,27,35,Late,Medium
b28028c0-7042-406d-a70c-91280861892a,Egypt,20,59,245,23,222,310,28.99,20,42,Late,Medium
81e926b3-8786-42e4-b499-096c263699cb,Tanzania,21,7,668,50,618,1513,10.63,134,7,Current,Low
2eb10c6b-5519-4ce1-9076-0fda65013cd6,DRC,53,43,194,23,171,909,28.57,175,0,Current,Low
a11c9021-0cb1-4417-97aa-00da83bdd713,Egypt,37,53,357,257,100,2931,45.27,83,42,Late,Medium
41985b58-4b24-49a5-9475-65884451c31b,Tanzania,25,89,653,215,438,464,19.73,91,0,Current,Low
dfaf6e93-60b3-4aed-9298-389989368d2e,DRC,54,57,828,90,738,902,10.62,39,63,Default,High
0b018a3a-3694-4f70-94b9-f4ec6e69cfb1,Kenya,35,16,240,215,25,1952,38.03,135,0,Current,Low
ad293878-f7d5-43e3-b342-8cb45decad86,Kenya,21,78,323,274,49,650,27.23,172,28,Current,Low
39a8691c-0b07-4e51-a9e8-c65bdeb7dcc2,Mozambique,38,26,72,262,-190,2291,11.11,130,9,Current,Low
16a05d20-a5dd-4ef2-8d6c-2326985b285f,Ethiopia,28,25,281,176,105,1114,41.36,29,50,Late,Medium
3b3ef0a3-9e9e-4b76-8044-e123e3e78657,Tanzania,62,9,570,284,286,734,33.86,38,19,Current,Low
695b6deb-1306-459d-9b1e-e534061689a4,DRC,36,58,1007,259,748,2349,41.31,99,0,Current,Low
92a8197f-eea9-437b-a80b-a3d6a6d370d8,DRC,64,110,509,272,237,2019,29.3,39,18,Current,Low
a36a7f8b-0de6-4f82-9fa5-fe6b261915b0,DRC,40,103,705,38,667,2444,38.5,196,0,Current,Low
0eed5393-8500-4fed-8ee4-c62b173f52b8,Mozambique,62,63,882,244,638,2714,45.67,147,0,Current,Low
40e6b911-9d7f-4ec8-bc52-31bae4c356b6,DRC,28,101,139,184,-45,2120,29.82,133,18,Current,Low
1746bafa-3f3f-4ca3-9029-c7bcc4066b1f,Lesotho,34,78,507,70,437,617,14.86,172,11,Current,Low
bc870bbc-8343-47b8-bccb-e3f51b9f1021,Kenya,55,55,140,259,-119,2664,40.52,156,44,Late,Medium
01453dd6-c8c8-4eb6-b1be-f38f737aa609,DRC,38,55,1198,267,931,926,48.23,33,6,Current,Low
15c63d6e-df17-4a08-9957-e045f34cf5de,DRC,64,47,1012,29,983,1462,19.37,200,1,Current,Low
fb210010-36da-435b-a86a-821b469e3b4c,DRC,38,66,202,237,-35,1972,42.0,42,39,Late,Medium
11fec094-ffed-4c18-9f70-b82949e3c3ef,Tanzania,30,70,931,29,902,1065,20.16,27,0,Current,Low
d4d30f85-6210-42f7-85a1-11f05bc0f17f,Mozambique,21,47,790,135,655,1991,42.24,89,0,Current,Low
0f23f8ee-81a5-497e-8f12-227b496440d0,Tanzania,51,38,711,53,658,1210,29.29,13,42,Late,Medium
c000b2ec-69e4-4de2-924d-bbd7f4c7960b,Lesotho,29,92,629,109,520,2277,30.18,198,28,Current,Low
e7ba7e9a-279f-4602-a2e1-34c2126ee0ef,Kenya,31,48,583,126,457,1275,5.82,193,25,Current,Low
fb505c46-7e4f-4a31-b19c-6523a817863d,Egypt,25,94,203,258,-55,2688,4.18,193,36,Late,Medium
aed42e69-bc07-4d0c-8c1e-ec1ff466dc9f,Kenya,28,62,955,195,760,2358,10.89,52,24,Current,Low
cc8dce02-d131-4d0d-a133-b98b4527bedb,Egypt,37,90,994,120,874,2328,47.61,134,0,Current,Low
bb128b5e-dede-4520-868d-a3fff77640f9,Ethiopia,45,42,782,134,648,1024,6.71,73,33,Late,Medium
6a0a04cb-b0e0-461c-98fb-614155cdb6f2,Tanzania,65,67,238,165,73,513,43.88,106,21,Current,Low
5149d76a-3248-48a6-9f7a-4a2150c1e9b0,Lesotho,40,119,730,89,641,1163,2.49,89,35,Late,Medium
7c1e6ba9-d491-4865-88ac-6d385b397fba,DRC,60,48,1083,295,788,2389,23.99,82,38,Late,Medium
22681359-7bd9-4616-be84-0d19a36658a9,Ethiopia,18,87,604,174,430,2096,33.76,181,18,Current,Low
f75dfb51-a7ee-40fb-aecd-e5035f66cc05,South Africa,63,40,289,152,137,1328,1.63,96,23,Current,Low
5f3045fc-ba75-4b2e-98eb-40e848a95a7a,Kenya,34,108,481,23,458,1767,31.61,190,0,Current,Low
81837f76-bea3-4469-8c90-95f626a06e77,South Africa,24,54,169,157,12,1172,38.84,179,0,Current,Low
9d8483d4-d7ae-4d6e-9665-58085bd9d017,DRC,40,76,736,153,583,1114,44.32,75,0,Current,Low
7dd245f9-3b01-4297-bfcf-cd25d2da7db8,Mozambique,59,82,888,15,873,1927,16.69,162,5,Current,Low
9f900c84-9ae8-4c76-824f-ec9b638db972,Kenya,64,24,386,72,314,1197,40.33,198,6,Current,Low
43c969f7-7110-4769-afc8-cb0159d3bb16,Mozambique,59,102,589,14,575,691,25.67,19,3,Current,Low
93af9256-204b-45cc-a83f-446139396758,Tanzania,25,3,248,88,160,1911,24.28,108,24,Current,Low
a4bf985a-484f-413e-9b20-8cb8c87dda50,Tanzania,40,8,1052,91,961,1114,31.34,86,14,Current,Low
4fb80a2b-d7c5-48f0-a2ef-2f76fbb40b0e,Kenya,51,72,463,267,196,2957,19.92,174,0,Current,Low
659e3a95-bc8d-4441-b713-73809c61aa96,Tanzania,46,63,128,152,-24,1887,2.16,77,0,Current,Low
eb9c81b4-3ce8-4ff6-8a0b-2a029ae407c9,DRC,22,112,1190,221,969,2436,29.39,69,27,Current,Low
b46829e5-9eae-4616-b3c9-15c2d38824c8,Ethiopia,35,90,361,159,202,641,46.83,187,21,Current,Low
e180ba71-d083-439c-a45b-c628193cb75d,South Africa,49,94,741,127,614,1402,40.34,161,4,Current,Low
1e8b568e-e6e4-4bd3-87e1-835b2ad3e4b4,Mozambique,32,45,924,142,782,490,17.39,32,21,Current,Low
c1a7bc33-a723-4424-8f57-a0956d2a19b2,South Africa,30,102,584,188,396,649,39.17,106,17,Current,Low
f96b08c9-274b-4fa9-b1f4-ff72b3fd70ff,Ethiopia,51,86,347,248,99,559,0.57,160,24,Current,Low
725c6d58-feb3-4c34-9237-c1a024d89e8c,DRC,18,60,1148,108,1040,2818,3.63,142,0,Current,Low
b28dbb97-4461-4751-8943-cf0ee9e8336c,Mozambique,31,100,848,144,704,2860,48.05,30,30,Current,Low
adc50ee0-2f26-4e24-9717-ca4c725e02ce,South Africa,57,4,1135,117,1018,871,45.8,130,8,Current,Low
e6e7061d-a7cc-4d9d-bec8-6db05f86d885,Mozambique,39,77,619,285,334,972,45.09,12,0,Current,Low
1011e010-03f5-4636-877f-123bccb00584,Tanzania,35,83,992,139,853,407,30.72,138,18,Current,Low
0fbcb835-e4f5-44cc-a5cf-73b9bc42fb96,South Africa,28,100,83,289,-206,2511,1.2,109,37,Late,Medium
8ecca80a-3550-45f2-916b-b25b7f74d2a1,South Africa,33,3,182,196,-14,2385,28.1,192,0,Current,Low
7ac535fe-604d-4130-ae4e-cd9d26909c8f,Egypt,38,63,353,149,204,2685,44.12,46,16,Current,Low
d36463b4-394b-4ab0-adbd-44d66377f646,Lesotho,34,102,890,262,628,1115,34.13,15,13,Current,Low
683fedd0-4259-4872-9d58-fb1a8ef179be,Tanzania,63,67,159,212,-53,1150,0.61,125,22,Current,Low
ec7a6724-3b34-4bbc-9983-c1aee9d02c0a,Ethiopia,56,63,363,113,250,1088,14.33,195,0,Current,Low
ebed88da-98aa-4bb2-94da-b16b1c4ed3ba,Egypt,41,109,782,163,619,1464,33.31,147,0,Current,Low
4c776fd0-3ab5-4174-99bd-4903793b11db,Lesotho,43,75,257,207,50,1262,22.54,61,0,Current,Low
23c93df5-18ca-4771-b0a7-84bbf11664bb,South Africa,65,67,457,171,286,340,17.93,9,33,Late,Medium
175f706b-bb04-46f3-8be1-ad32f62bea20,Lesotho,57,43,1058,67,991,861,40.76,39,22,Current,Low
fbd5219b-d377-42a2-a586-9ad772945749,Kenya,19,64,945,27,918,619,24.7,131,29,Current,Low
77c8de91-0361-406b-b84a-f3d3e8f1108b,Ethiopia,29,36,1107,42,1065,1023,22.47,4,0,Current,Low
1a653731-cbcd-4f67-9b90-b0f5a03aed35,Egypt,57,100,628,240,388,1550,7.54,185,0,Current,Low
6392ccd3-14c5-42a1-9f52-f66e15c4902f,South Africa,32,34,175,221,-46,2503,9.8,173,14,Current,Low
9be4244c-4427-41f4-8f3b-e824865f7a4b,Tanzania,27,22,1160,216,944,162,27.87,69,9,Current,Low
aba4e760-0fb6-4c06-9075-cd9da559d67d,Kenya,61,114,1124,219,905,1238,36.1,82,15,Current,Low
67bdc359-fdc4-4784-ac7e-5c92a3b6e1ac,Mozambique,22,54,692,130,562,2111,42.43,72,40,Late,Medium
821c93ca-272a-44ce-99a9-8207a751ffbb,Ethiopia,23,95,768,254,514,2851,29.85,10,0,Current,Low
94ca1ae3-24c8-4ad3-87e7-2bd0776ae249,Ethiopia,33,14,321,197,124,2756,46.57,192,0,Current,Low
529dee77-0161-401e-85da-045dd6b1a763,Kenya,23,16,810,204,606,2780,15.52,45,6,Current,Low
23367ecc-c2fb-469a-92f7-0f43029c3c20,Tanzania,39,20,765,241,524,241,26.59,20,0,Current,Low
be725ec8-d5ae-4b16-87a5-c98c7c4a1a58,DRC,34,1,611,253,358,2011,49.14,146,33,Late,Medium
dadefd54-3dee-4c01-9b8e-6d73c8ac5311,Egypt,50,50,605,104,501,2000,6.29,57,15,Current,Low
42e775ab-2ca4-45b2-8877-a820fb953018,South Africa,29,118,406,287,119,1725,31.92,55,0,Current,Low
21c71f12-a0a6-40de-9e00-f4a4ad003599,Lesotho,34,32,962,232,730,1320,38.46,125,27,Current,Low
d3796fe9-2ed3-468b-a844-8aa20ad6121c,Lesotho,62,47,557,236,321,2986,20.13,107,18,Current,Low
ab96c202-1f40-43ea-958c-56a9c52a93f0,Kenya,34,41,71,59,12,2402,14.49,74,35,Late,Medium
217ea349-4d53-4288-a168-4358fb666d7f,Kenya,37,1,881,172,709,1719,27.87,148,38,Late,Medium
156a9c45-ce90-440a-a1e3-7ef7f72f03cb,South Africa,53,74,934,202,732,2995,1.68,71,11,Current,Low
4811fa20-9de3-42e4-be88-0195415541c9,DRC,21,65,1148,287,861,784,42.26,152,10,Current,Low
a4983b05-9fe5-493e-9bbf-7cb0ae1fc821,Egypt,56,5,787,172,615,476,34.72,64,42,Late,Medium
9083bb0c-ea8a-445d-be9e-2c9b15005e94,Ethiopia,47,119,1103,162,941,2146,13.56,25,35,Late,Medium
2753111e-ae12-4b34-b68e-c38def154e61,Egypt,27,108,241,56,185,1615,25.6,112,0,Current,Low
70ff78c0-757a-4d58-b9c5-053fceb63456,Ethiopia,39,54,999,18,981,2964,30.69,153,6,Current,Low
efe29e4d-2e98-4223-aa48-a99db6cf11f8,Ethiopia,44,30,829,58,771,1851,8.81,118,28,Current,Low
c8af9fb3-b316-4d45-aba6-6d8ebf30c336,Lesotho,19,43,1106,142,964,655,24.94,108,0,Current,Low
68840935-e8e1-44a1-9d56-675b1deeec1e,Tanzania,19,72,1095,254,841,2492,35.46,27,56,Late,Medium
7022501a-c3c1-4fef-8795-70dc1693f3c2,Tanzania,55,118,691,70,621,869,31.35,20,27,Current,Low
869b58f3-4d61-4157-be98-4df3e775081c,Ethiopia,49,118,914,144,770,2620,45.77,101,23,Current,Low
73ff0feb-0ec5-4345-b1ac-939a91effd00,Kenya,48,35,792,30,762,813,16.01,147,33,Late,Medium
68b45369-2c8d-4473-aeaf-b2cf4b30329a,Lesotho,38,26,801,64,737,2862,28.9,149,41,Late,Medium
b5d3f652-e179-4a0d-adb9-97b0e59136b7,Egypt,19,28,651,167,484,2990,48.97,96,9,Current,Low
45cc49f4-15e5-4723-b77d-019612c5cf6f,DRC,53,5,376,288,88,2757,13.45,75,3,Current,Low
19c408bd-9fff-4271-9de4-05a0b7fe087e,Kenya,53,15,1078,22,1056,1579,28.46,72,33,Late,Medium
87d28ea4-351e-4a67-a7f6-fd73fb6150a2,Tanzania,63,37,1134,6,1128,2560,39.25,174,0,Current,Low
3a0e0b9d-75db-49d5-aa99-9b67ddb5328f,Lesotho,34,61,335,21,314,1169,18.43,19,0,Current,Low
6aa69bab-cdb2-4da3-a79d-b44e86d9698b,DRC,58,10,606,237,369,557,39.1,132,25,Current,Low
5cd7114d-8998-431b-8fe7-5ee7d6585d51,Mozambique,43,12,149,267,-118,1885,30.83,144,0,Current,Low
3fa56720-d2fc-4b2e-ae3c-1357a4041383,Mozambique,38,68,293,14,279,2927,39.05,175,0,Current,Low
eed204ec-a49c-428c-b6ad-773d1d185986,Egypt,42,34,168,177,-9,312,27.36,146,0,Current,Low
7f7f2df2-8ba6-4f64-ba54-2e2542de94b3,South Africa,53,103,714,38,676,932,37.67,114,3,Current,Low
72749d6d-d563-463f-acb8-f07067473b4f,Ethiopia,33,43,158,187,-29,1115,4.9,133,36,Late,Medium
9b05a4d0-1d87-4983-890b-99ef5e952278,Kenya,63,34,346,146,200,1379,25.72,8,61,Default,High
b198c59d-b603-463b-9ef7-f80e5cc06e65,Mozambique,23,25,849,29,820,1543,16.28,56,0,Current,Low
3ba434be-6ac4-4670-81a8-eecbbc13c533,South Africa,63,32,650,261,389,841,20.7,13,12,Current,Low
0024b739-593d-41ec-a9a5-88b791227b44,Ethiopia,19,71,1146,122,1024,1077,42.79,3,35,Late,Medium
6ae7cee9-e270-4775-b230-37ef2a176f1e,Mozambique,23,79,480,155,325,717,3.3,77,32,Late,Medium
a7ee8bf1-fcde-4db7-9e15-ad14bc961308,South Africa,51,45,498,264,234,607,6.98,32,8,Current,Low
4260b780-c103-4b76-9045-05a42edc98e5,Ethiopia,28,43,1107,244,863,776,43.18,158,24,Current,Low
eb936f79-5698-4fee-9502-5f4724175a86,Lesotho,52,6,775,6,769,2437,45.12,141,0,Current,Low
372dacbf-8e27-40ee-a332-a1e37054e36c,Egypt,29,52,281,157,124,165,13.46,59,12,Current,Low
1f4db4c9-4c95-4cfa-9703-d3bd9f5938e8,Mozambique,30,106,489,66,423,1600,20.92,120,29,Current,Low
07be0ca5-171f-4a53-946f-a915d66e5f93,Kenya,55,94,531,66,465,2427,30.15,4,13,Current,Low
c466f230-a50d-4626-90df-750561760a37,Tanzania,43,105,151,95,56,2326,32.43,36,0,Current,Low
83bac5bb-ac0c-4297-ab37-b75fb8140200,Lesotho,53,50,998,50,948,615,14.93,58,0,Current,Low
f8814a95-3880-4956-9482-97bd5ccc199d,Lesotho,36,86,719,14,705,669,32.76,130,25,Current,Low
2b87a02f-eb8c-4f5d-ac1a-fa4106f9848f,Tanzania,45,119,218,68,150,2557,32.03,51,16,Current,Low
0c6181cc-2c15-47a7-a9c4-d2210344f077,DRC,36,108,86,229,-143,961,17.98,94,0,Current,Low
f9f6308a-cb27-4208-a29d-df14893549cc,Lesotho,47,50,117,34,83,1860,33.36,198,33,Late,Medium
9ef4ade6-c7b8-422f-a54d-b2a94a7e6e0a,Lesotho,21,118,687,247,440,2496,18.7,153,1,Current,Low
5ea48a31-3389-4034-aca6-f7e3c8866167,Ethiopia,33,83,1187,67,1120,572,23.34,16,0,Current,Low
a0fdbc72-70f2-4342-aaf7-eb109cd5c01c,Egypt,25,62,52,260,-208,115,4.55,174,0,Current,Low
00793db7-9a6e-48b3-bb9d-c8decf2c1456,DRC,52,23,1089,13,1076,1180,30.91,15,0,Current,Low
8dafd9c9-dfa9-407d-904c-a9632d59c98c,Kenya,57,84,871,126,745,2250,22.34,7,0,Current,Low
f677d4aa-96a0-4efe-ba5b-f18936042699,Tanzania,22,110,502,240,262,639,33.16,92,24,Current,Low
d51270b9-889b-4864-85c3-a5171272f0cb,Lesotho,41,51,440,156,284,1603,25.6,102,23,Current,Low
96da5778-e19b-4ae1-9d44-76786ef5d3e6,DRC,19,70,1001,117,884,2099,45.94,102,15,Current,Low
6bd30b62-b731-407b-bf33-033cf3e18e74,Mozambique,48,28,671,286,385,1553,7.18,55,0,Current,Low
b2541d53-1a89-40b4-ac6a-a8eb1917d841,South Africa,24,12,421,73,348,2297,37.76,138,12,Current,Low
d1e71132-d1a0-4b4a-9a03-f8e7a77ccd25,Kenya,56,29,165,246,-81,2017,15.89,105,9,Current,Low
59500b52-7d5c-4511-8e8b-999b4b29100a,Mozambique,46,47,536,127,409,2550,35.43,8,41,Late,Medium
136138b6-3824-430f-8dc2-1f7dea044567,Egypt,44,17,1076,1,1075,2418,38.34,96,0,Current,Low
830f2a47-cd37-4c8e-b46b-b27945506e09,Lesotho,65,52,771,62,709,698,33.54,125,36,Late,Medium
00d0b089-f9fc-4d87-b3f1-90094d92301b,South Africa,46,1,1189,131,1058,120,34.36,185,41,Late,Medium
30b2be51-cd4e-4b8c-8f32-f06fe51db248,Lesotho,60,18,529,97,432,1318,47.26,4,12,Current,Low
cdcd35f6-bbad-4b54-a4cc-fa005e976cbb,Egypt,35,33,1114,28,1086,2867,25.71,18,0,Current,Low
3a10afcc-c1dd-42d2-b64b-b9a632235947,DRC,29,102,685,71,614,2139,23.35,153,37,Late,Medium
6192933b-6950-4e06-b09d-76ba0aac2c8e,Ethiopia,35,40,537,201,336,248,11.58,63,9,Current,Low
da1c8169-120a-4d3d-9ff6-690f8c45c57e,Lesotho,53,16,152,96,56,587,10.83,186,14,Current,Low
40f20960-7c05-444c-820a-dd57941c36e1,Ethiopia,45,80,361,138,223,2567,33.6,87,29,Current,Low
97db3c8e-558c-485f-a2eb-6d58d49b14f8,Tanzania,27,49,1056,270,786,2459,18.82,118,44,Late,Medium
4d1b0278-b19a-40c9-9e62-b8aaa4b1ba36,Egypt,19,49,1117,206,911,2914,42.11,199,17,Current,Low
4cd4d2c7-0bb7-4f3d-a1f2-3e8a12ef926c,South Africa,42,17,508,216,292,1740,18.8,90,24,Current,Low
4d2fec35-a9d9-4669-999e-5e6b366a874b,DRC,34,119,1140,73,1067,1330,17.86,142,30,Current,Low
7ad71e73-cd53-4b85-8544-bc763f37d445,Ethiopia,32,42,785,231,554,2105,23.42,158,14,Current,Low
041d33eb-b671-450b-abac-75422dd4b71b,South Africa,59,50,1174,47,1127,1157,17.24,22,20,Current,Low
862b8695-8002-4a33-8bac-79a33ca91c1d,South Africa,30,111,862,59,803,1179,16.38,59,33,Late,Medium
4de6f02e-374b-4bde-badb-4c16f78bfee0,Kenya,34,105,879,110,769,466,17.83,32,0,Current,Low
9ab1be21-c4d6-42a8-957c-05c8a18abb05,South Africa,36,112,288,277,11,1863,19.99,13,34,Late,Medium
82a08c30-6859-4348-8439-755175e8e456,Ethiopia,36,38,1007,163,844,1893,25.44,177,22,Current,Low
27933e3d-0a8c-465f-89fe-d9c66bbf99ca,Mozambique,48,19,55,289,-234,1431,11.41,132,0,Current,Low
6fd73c15-f699-449b-b3e3-d65372f25a97,Kenya,38,63,808,84,724,512,45.75,21,13,Current,Low
dd9d2ced-9537-4270-98a3-aad18641c472,Lesotho,47,85,227,284,-57,1397,23.36,34,17,Current,Low
7711bdc4-06dc-404f-9401-11db42c4d380,Ethiopia,45,84,544,165,379,2652,2.23,175,18,Current,Low
c26d2568-74db-4618-ab86-7a63647f2442,Ethiopia,41,88,1134,55,1079,1674,43.28,6,30,Current,Low
69448644-d77b-48e2-b625-4338e32713ce,Kenya,32,11,619,41,578,808,29.74,174,19,Current,Low
ed2fff71-3704-4a64-a4f3-06bd4c2e0cb5,Lesotho,54,118,891,173,718,2668,38.18,199,25,Current,Low
bbff8016-49a7-455d-b433-2a0acfc3bf3b,Kenya,34,65,158,102,56,2087,9.75,97,10,Current,Low
b2b57b5d-18fd-49f4-8e76-62b22df97339,Ethiopia,56,2,745,200,545,613,6.98,138,17,Current,Low
de7f6d54-567f-4bca-84e7-1010fba0903b,Tanzania,56,117,920,172,748,402,40.48,148,19,Current,Low
bda2a90f-452b-4bce-9975-f287413e36ac,Egypt,36,4,149,295,-146,1287,5.58,169,20,Current,Low
2ad0a00e-4c23-4a88-8be2-c397ebfbd966,Ethiopia,41,65,537,164,373,1025,32.83,154,6,Current,Low
02cb33fb-44c8-48e1-8dd0-b1b6aa3731b9,Tanzania,64,51,599,57,542,1151,7.66,113,30,Current,Low
3053330b-d1d6-4fcd-a34d-e58775a89248,Kenya,27,3,408,184,224,2761,19.68,140,3,Current,Low
5bc186a8-9c17-4052-86da-d869cc2bb7d2,South Africa,26,4,227,137,90,944,28.51,143,0,Current,Low
ad5c8512-9db9-4ce2-bb43-b4edf000fe2b,Egypt,28,3,73,99,-26,1383,24.9,113,24,Current,Low
9afdb66c-e35d-4f56-b39e-c6196fcc10e6,DRC,46,33,822,121,701,1260,49.67,157,29,Current,Low
252b5edf-b7cb-4b88-98a9-f3b0c08c76af,Tanzania,29,93,131,68,63,2631,10.81,68,16,Current,Low
727ca618-718c-407a-8965-ef8d0f5eda5a,DRC,20,111,252,185,67,1908,18.72,198,5,Current,Low
ed4cf1c5-aa15-4b49-bfa0-e29347e7a7b6,Kenya,64,35,338,1,337,1996,9.2,83,30,Current,Low
12a750ee-edc0-4335-a0f3-916f2dc7db4a,Lesotho,44,35,207,250,-43,1280,22.19,129,13,Current,Low
32eae55a-6902-40e9-8a05-bf6dcb888dca,Lesotho,22,56,838,254,584,1353,24.61,10,43,Late,Medium
ceec4ac7-594e-43fe-8afe-14303df9d4e6,Egypt,50,36,242,123,119,712,23.95,120,10,Current,Low
80c1498b-2b72-4148-9519-21b3b0768845,Mozambique,49,50,61,159,-98,1558,46.96,25,0,Current,Low
3d20deba-49ef-4d90-8814-ace3f6c16342,Ethiopia,55,61,697,242,455,1042,18.92,15,29,Current,Low
ad4c5893-b4be-4d62-9afc-4d85e1ab4d64,South Africa,35,37,299,171,128,601,21.55,120,0,Current,Low
8b7c60da-3d38-40dc-9b67-77499b0715d0,Lesotho,25,115,483,270,213,2606,2.09,184,19,Current,Low
c4986546-a7f3-438a-9984-47b8a588236d,Tanzania,53,78,733,80,653,817,40.63,183,9,Current,Low
d80c660c-3c99-4dbb-af48-a84c6aa77a27,Ethiopia,51,70,1147,281,866,2751,6.0,68,16,Current,Low
d220b29b-5cb3-4981-9c4b-00f81efe1da8,Tanzania,50,87,446,131,315,836,6.86,62,30,Current,Low
1ff1676d-7430-48ca-9cda-3cb3ddf44c72,Lesotho,53,22,962,218,744,260,17.47,107,38,Late,Medium
f666f53d-0770-403e-b926-a74c071185e4,Mozambique,20,14,228,102,126,1461,38.94,31,18,Current,Low
824519bb-9b63-45bb-89e1-f6da57dbdad8,Kenya,54,40,278,97,181,2965,33.5,178,0,Current,Low
df4a48f9-2a84-454e-a7da-024886a59095,South Africa,35,89,1112,9,1103,1405,6.94,167,56,Late,Medium
dac28dd5-c33c-439a-8874-e32a88cc20d2,Lesotho,19,15,1025,287,738,1470,3.55,96,23,Current,Low
17518701-0bd8-4628-8c70-6e5a74fb2926,DRC,50,46,963,200,763,2512,21.51,197,0,Current,Low
c04a1cab-de66-4d90-99f4-a9b6b2805867,Ethiopia,26,105,563,66,497,1049,33.64,122,2,Current,Low
21ba128f-4e97-41b9-aca7-e924358f7dd2,Tanzania,32,38,598,262,336,1164,45.53,21,17,Current,Low
8d9ac8b3-7b33-4ea4-baeb-e05787e0f91e,Ethiopia,65,81,534,175,359,778,30.05,20,21,Current,Low
5691b8ea-955a-472b-b6e7-8b5532f665da,DRC,45,31,924,100,824,2893,46.45,7,22,Current,Low
be4980df-f6a8-459c-a34f-57fd6ad627b0,South Africa,21,98,664,122,542,1336,37.03,149,33,Late,Medium
435d7b67-21e0-4c1b-8303-ce39526194c5,South Africa,40,112,978,121,857,1590,28.61,110,0,Current,Low
3a91195a-44b8-4718-bd03-fa2930e56b7b,Lesotho,58,100,665,177,488,2937,5.81,14,27,Current,Low
9e507bbf-9e70-4e3f-a4ba-080277029e1b,South Africa,30,101,136,47,89,1058,3.11,74,28,Current,Low
8aac5d35-5a36-45e2-a5e3-6552e41830f0,Tanzania,18,74,774,275,499,907,22.83,65,10,Current,Low
7e900cd7-0dac-4dec-854f-218a2b41c862,Lesotho,50,119,1045,77,968,1697,16.97,22,16,Current,Low
f761000f-ef3c-4865-8bf7-ec2e4ce82677,Mozambique,54,99,1163,238,925,2221,8.23,76,7,Current,Low
38626a02-1bb8-4f97-b4ef-b3901e39f873,Egypt,51,114,1173,185,988,733,47.23,71,55,Late,Medium
05597fb4-b1c7-4cd9-ba07-1ed2a945a9bb,Mozambique,28,119,998,283,715,734,12.7,137,0,Current,Low
6b8e3e32-9d7e-4149-be8d-dd85c36e4ac4,Egypt,53,12,961,98,863,1951,20.46,112,26,Current,Low
c80fced6-c1e9-45c4-a7a8-b208a70d6988,Tanzania,26,37,1022,54,968,510,31.32,41,0,Current,Low
e867c77c-891f-4eef-b701-d594ea69c122,Lesotho,33,102,160,177,-17,758,13.72,180,14,Current,Low
6087e533-f87e-4a69-8d51-f8a7c1f2ecfa,Mozambique,64,99,322,231,91,681,19.94,136,0,Current,Low
5c643fe0-c572-4582-a710-c041bd220ecd,Egypt,45,85,140,233,-93,2907,33.14,107,9,Current,Low
a0755d67-acb9-4be2-867b-a96c5578b336,DRC,51,100,72,122,-50,1511,47.63,8,30,Current,Low
fd008daf-8c8c-4ca4-bdfb-820fb17adc3b,Mozambique,58,29,165,274,-109,869,30.62,50,46,Late,Medium
f93286d7-3620-487d-bc2d-34ed9fab3319,South Africa,36,44,515,300,215,1057,45.61,11,0,Current,Low
ba5d9fa0-87f3-4fb9-bff8-8b98d5f32585,Mozambique,60,96,1040,64,976,1077,19.45,38,18,Current,Low
282c1c64-9d79-4190-8652-89b1feaa5acf,Ethiopia,49,36,191,165,26,2942,1.98,85,11,Current,Low
82e64e09-1c26-4e75-834a-151e7dd48559,Egypt,26,92,258,184,74,848,33.92,136,7,Current,Low
b145d2fa-a1d3-465b-9a54-5756f09e7fda,Ethiopia,63,9,642,71,571,798,34.17,198,0,Current,Low
010f9c19-b48e-4a4d-a6f2-4923781929aa,Lesotho,55,32,1064,257,807,2433,27.29,142,4,Current,Low
7b8b169f-838a-4da7-a798-1616c5fd08a0,Tanzania,49,70,383,139,244,2122,5.48,54,57,Late,Medium
bca7b21d-1ca7-4c35-b1ff-c53f41a10c16,Tanzania,45,66,916,191,725,1882,8.73,67,2,Current,Low
4bb33cb7-1242-413a-a322-cf9dbeb6f862,Egypt,33,89,1084,204,880,153,7.31,177,2,Current,Low
edc9c957-c5b7-4143-abb6-18f691433753,Egypt,34,46,895,71,824,990,47.52,189,0,Current,Low
fc218170-1ade-4a4b-b929-46e07d66d762,South Africa,36,71,248,14,234,1476,43.01,94,9,Current,Low
32953429-2a26-459f-b268-1fce92c2d6ca,Tanzania,62,6,240,160,80,2270,0.85,142,37,Late,Medium
222fd9d9-cfd2-499a-a975-1d5e7c81444e,Mozambique,63,106,826,230,596,1244,42.71,159,16,Current,Low
33b78e68-df78-4605-a996-f47e13b5ba72,Tanzania,27,57,533,109,424,2261,14.2,33,6,Current,Low
ce7af55a-821b-46ca-a140-66d6e61261a5,Tanzania,48,92,955,12,943,2290,41.12,167,6,Current,Low
dd71e197-d59e-46f2-9499-300daa7dbac9,Ethiopia,51,16,710,249,461,1795,17.1,22,37,Late,Medium
b50df4a1-9ecd-492d-b764-8f6f815a0da4,DRC,64,1,1096,32,1064,502,8.86,41,12,Current,Low
00e77dbc-055d-4c2b-abd4-27bf62ecc47a,South Africa,25,30,1180,194,986,2908,18.22,180,0,Current,Low
3b4f0ff9-4ce0-4f05-b518-bfc5505fb190,Tanzania,60,91,1064,118,946,2717,21.05,130,2,Current,Low
245d7592-dd34-44a2-85da-4185f2589b17,Egypt,49,21,411,299,112,1551,41.26,12,0,Current,Low
96b572fa-d9c8-42ed-bb66-984e8fb3cba1,South Africa,50,93,74,26,48,1854,14.01,5,12,Current,Low
9182e755-1394-4841-8ea8-0991d30258e1,Tanzania,46,16,751,50,701,620,22.49,182,0,Current,Low
63838c0f-6357-4c04-a9b6-f0b0e36ce4ff,Egypt,51,70,157,21,136,1258,20.97,51,25,Current,Low
c44f5b2e-bedc-458b-a6e5-3ad069e501e1,Ethiopia,53,109,162,292,-130,178,24.42,125,40,Late,Medium
0d9588ca-a9fa-40b4-9951-21322e281fed,Kenya,23,108,189,289,-100,1629,4.03,72,5,Current,Low
e67de405-cf4c-4733-9ae6-7f4481ed1f4d,DRC,23,22,815,240,575,2997,3.67,70,3,Current,Low
175d7695-84c3-4a0a-8ad5-912ccacde5a5,Lesotho,62,81,903,128,775,933,7.48,90,30,Current,Low
ac0a6b44-a32c-4ac5-ae14-19f920891cb3,Ethiopia,22,36,1170,192,978,1506,46.73,36,7,Current,Low
fa2893ca-424d-48f5-954d-503ba01b2611,Tanzania,59,114,1011,27,984,2577,37.02,98,0,Current,Low
1ea750a4-99a0-4e3c-83ed-ada8dd53a611,Ethiopia,65,118,1072,224,848,2762,44.07,154,38,Late,Medium
7a5b3d73-7ca3-4da3-9b02-3ece025baf93,Egypt,47,21,375,66,309,2098,49.18,162,8,Current,Low
672d9b70-098c-412d-bd35-457d8f185cdd,Mozambique,42,15,1064,265,799,1515,25.97,76,4,Current,Low
8c64b30a-55a2-4460-b65a-55650d0d2198,South Africa,52,23,471,236,235,320,38.37,59,0,Current,Low
f28ff633-d250-4748-9f98-784fc6481917,Mozambique,29,74,754,173,581,1255,4.46,120,23,Current,Low
931a6cda-7ea9-4a52-be7c-98bb8d8f289a,Lesotho,56,46,129,106,23,2179,4.25,103,4,Current,Low
e438d4ad-c70b-486b-9198-62ba76f94bb3,Egypt,64,77,1187,233,954,1203,48.32,39,0,Current,Low
ed30ad38-c61e-4fd8-bd8e-b8b1709db5af,Tanzania,46,90,777,291,486,1022,4.21,161,36,Late,Medium
5b8a7bba-551a-4e3f-b56e-585478a5a877,Lesotho,54,31,480,277,203,645,32.33,56,14,Current,Low
9c66bacb-d178-4755-b35e-960cd1710772,Mozambique,43,27,937,107,830,733,41.13,114,7,Current,Low
512b7886-bd7f-4d49-a77c-9ccdacac2337,Lesotho,30,27,872,183,689,1619,47.92,43,0,Current,Low
19e73d1c-2047-45b4-958d-b1ff7184ca76,Ethiopia,43,8,555,247,308,2763,15.6,165,0,Current,Low
dadbf3cd-c153-4b0a-9040-21cf2bccbe32,Egypt,36,39,466,131,335,1964,18.05,122,40,Late,Medium
7a2dfe00-b5c0-4b43-9df1-7bfb57308018,DRC,57,59,358,300,58,2643,27.94,62,11,Current,Low
4ae43adf-81d7-44a4-bdae-ba1a034a15de,Ethiopia,57,97,620,201,419,474,9.08,14,0,Current,Low
cf2d1505-6a1f-4504-a777-43ee2580438b,Lesotho,44,88,786,47,739,919,46.62,79,21,Current,Low
94b5bb88-f366-4448-948c-019426afc521,DRC,35,62,151,84,67,451,15.84,175,8,Current,Low
30b71cc3-2a23-49fa-9d11-7a2d1f1444c1,South Africa,26,107,1189,214,975,655,36.51,27,14,Current,Low
5249d6ae-3b19-4964-ae4a-308fadd31ea8,Tanzania,39,69,1049,185,864,1547,11.32,85,37,Late,Medium
2eeb9730-181d-4370-92c0-ae419ac7a876,DRC,22,42,569,74,495,1443,14.96,95,0,Current,Low
4b3ffe9b-86b6-44e3-a274-6869a3368055,DRC,55,103,905,35,870,1252,3.66,110,8,Current,Low
1e53f310-8ea0-472f-81a1-3cb1809bd658,DRC,62,47,446,165,281,2706,12.79,24,40,Late,Medium
350e3955-5c21-4725-97a9-2027791448c1,Lesotho,36,63,237,194,43,2314,36.29,176,0,Current,Low
b4026d25-d846-4b75-8d36-0014dd98a6ed,Lesotho,49,54,651,42,609,2996,9.31,39,3,Current,Low
faccc7ed-a082-4846-ab0e-bae1f0f474d7,Mozambique,49,76,272,52,220,2050,3.65,114,22,Current,Low
51ed09dc-45e1-416a-a602-e37e9c4174cc,Lesotho,20,1,376,92,284,2665,18.84,151,43,Late,Medium
0a8504c9-4f4b-4130-af7f-78025c63864c,DRC,19,55,1055,145,910,2293,34.79,19,18,Current,Low
087321b9-ff50-465a-91b6-5c5ec9b1da6c,DRC,30,18,196,38,158,476,2.88,72,19,Current,Low
8366f840-4ab2-4efb-93e7-a04cdfb6384a,Ethiopia,25,16,416,94,322,452,41.41,135,0,Current,Low
4f519fb0-5ade-4545-a232-039b4660952d,Mozambique,39,75,527,296,231,908,39.08,159,0,Current,Low
5c475b88-3c50-46f5-84a8-ef89791892a0,Mozambique,30,67,748,78,670,1474,29.0,142,20,Current,Low
4b75933f-be5d-4c9d-805b-2c501e281711,Tanzania,22,25,1022,87,935,2612,16.96,187,38,Late,Medium
18b40485-fa18-4869-9079-355730e76ecd,Kenya,37,62,735,266,469,2452,25.87,30,8,Current,Low
9319d9e5-138d-4bd5-998e-8bc73b2ea9d3,Mozambique,62,25,580,61,519,345,47.33,139,0,Current,Low
11b82f52-bf18-4e6f-ab27-c17edab4200d,Mozambique,26,26,643,10,633,2073,24.59,132,0,Current,Low
6b34369c-7340-4347-bebe-75793ab245a5,Ethiopia,64,38,719,155,564,1793,41.52,161,37,Late,Medium
a40b94d9-3dc6-4630-b057-2f84d2ee97e0,DRC,42,47,1003,64,939,1912,24.69,109,8,Current,Low
25859089-69d1-4cb6-a4a3-6310b7cde3c2,Lesotho,18,114,124,254,-130,777,16.68,16,8,Current,Low
44fdc38c-7004-4613-92ae-168621f538ff,DRC,49,42,167,128,39,2521,22.35,159,23,Current,Low
070961a6-8681-4397-921d-0bb14a72b6d1,DRC,34,85,412,23,389,425,6.35,123,26,Current,Low
0c27c5b5-0cbc-46d9-9206-5f4fa8125933,Tanzania,57,49,1050,205,845,763,20.58,145,0,Current,Low
0258c363-69fb-4237-9dcb-0d42f807beff,Mozambique,63,12,1108,284,824,2640,26.06,159,21,Current,Low
71cedaab-c635-4c2f-8ead-bfd8f4351f54,Tanzania,54,62,1115,215,900,1501,22.77,117,22,Current,Low
8eb2dbb3-7367-4c86-8f0b-274347ec06c5,Egypt,39,102,146,146,0,676,41.33,195,8,Current,Low
6c774319-3d10-4377-8f7c-a34aaf64bbd7,Ethiopia,61,60,188,30,158,1376,5.18,96,0,Current,Low
598bfc0e-6dac-4afc-95dd-c569c4895b6e,Egypt,48,37,979,154,825,988,46.58,95,23,Current,Low
f4db9f13-bc73-4188-abe0-7e2ded007230,Kenya,20,69,1063,197,866,519,32.36,63,26,Current,Low
f9522e5f-bed9-4bd4-af08-f8ae6b701afb,Mozambique,40,38,750,67,683,1080,8.5,56,5,Current,Low
f7a56a83-43a9-4af6-9790-4729f94902bd,DRC,59,43,534,256,278,2296,1.96,89,8,Current,Low
e69eab7e-efd9-41a0-9095-460a668ed369,Ethiopia,46,56,738,155,583,1541,13.7,38,0,Current,Low
6cde6486-7fa0-4962-8062-36915f5c33f9,Mozambique,25,1,432,62,370,573,15.31,7,22,Current,Low
bb497cc6-9fac-42d5-9a31-58132516db70,Ethiopia,45,38,120,118,2,2512,42.71,77,41,Late,Medium
3dddafe6-906e-4803-bb2c-264bb3b4d184,South Africa,61,91,551,205,346,1768,27.41,173,11,Current,Low
374e63f3-7141-4588-b1b2-e2e427be2a2a,Lesotho,28,75,851,246,605,760,36.71,22,14,Current,Low
b1749c8b-26af-4abe-8e11-b542fa22762b,Kenya,37,44,1186,60,1126,2295,33.67,69,0,Current,Low
cc101055-4971-432d-9a54-1d3445553238,Egypt,56,57,341,15,326,1018,19.41,144,0,Current,Low
efb3518e-6570-4357-aff6-5484ee4f4ba2,DRC,46,47,583,17,566,364,24.37,46,41,Late,Medium
8b16b392-e68f-4e0a-8cf8-1e3154f2823c,South Africa,45,111,158,285,-127,1217,29.72,165,46,Late,Medium
cf538638-246d-4a91-acd8-aa5df2ec59f2,Ethiopia,26,33,341,17,324,1610,5.88,60,58,Late,Medium
06e58658-06e5-443c-84f9-be269cbf83af,Lesotho,19,77,1052,105,947,190,2.31,39,28,Current,Low
636f0078-d092-4d99-8293-254a2a578c85,Egypt,19,92,52,270,-218,872,41.08,165,1,Current,Low
fabbb85a-85e4-4b55-a52e-8440f6059859,Mozambique,20,96,669,253,416,2667,49.6,115,25,Current,Low
cadc6f58-d052-4917-8a38-35a824aba517,Mozambique,59,96,1072,190,882,2201,45.6,123,34,Late,Medium
622ee02b-bb1e-4f1d-be6e-fcda879c61c0,Lesotho,31,98,249,236,13,2158,22.79,19,50,Late,Medium
40b42bb7-c4c7-4033-ba3a-be57784d798e,Kenya,61,33,976,79,897,2859,23.79,91,44,Late,Medium
96f85127-ab18-467d-b03d-375e35208a5d,South Africa,60,64,1021,216,805,2735,31.53,180,0,Current,Low
e83a0300-f6c6-455c-9f3f-5d4f5525054f,Kenya,48,56,689,145,544,1432,44.31,126,0,Current,Low
78b1693a-8554-4e9f-a090-b3eb652f34b4,Lesotho,51,44,243,155,88,1221,22.36,167,5,Current,Low
ef676a22-58f1-4932-8eec-59519c403adc,Lesotho,47,39,734,48,686,649,35.41,36,56,Late,Medium
87f781bf-7f1f-42f3-bf2a-d553c304fddc,Lesotho,35,46,378,224,154,143,23.48,26,9,Current,Low
6db373fb-656b-4b9d-bf83-d0fc5c37192c,Tanzania,21,24,397,82,315,1894,16.37,41,23,Current,Low
9b3967f0-ec89-4ce8-a23b-2e68c0c7b4dc,Tanzania,33,72,264,2,262,1798,16.4,140,19,Current,Low
53c7520a-5b76-4be3-ab74-cc80ea54b533,Ethiopia,47,84,161,1,160,1569,27.61,196,18,Current,Low
9f5a690a-cb09-4122-b1cf-577550c437f3,Lesotho,18,104,760,205,555,1246,24.39,165,24,Current,Low
96ec2ec0-c317-402b-8579-46d08275d359,Ethiopia,24,30,1014,291,723,1819,47.34,190,0,Current,Low
438f6a67-e08c-496f-bf9f-fc5228fed4aa,Kenya,42,89,187,146,41,2188,29.49,101,17,Current,Low
34dec7f0-b0e1-4eb1-913f-eaa6b373f87c,Tanzania,53,21,1048,102,946,2585,25.24,121,0,Current,Low
6fb83b35-6f54-491c-be2d-10575dafb01f,Ethiopia,25,75,614,225,389,831,2.59,41,12,Current,Low
10340a23-8626-4a39-91c6-366cd171d286,Tanzania,39,88,1043,268,775,401,18.46,91,8,Current,Low
4d91140f-b9ef-48dc-a305-4fc97a53420e,Tanzania,51,116,964,19,945,1320,47.64,46,22,Current,Low
c18b7339-c2cf-4d33-9151-ee1333dddf7a,Tanzania,51,74,478,101,377,1938,9.23,179,24,Current,Low
9030e21c-d47b-43fa-83b4-acc9fff04133,South Africa,55,72,325,210,115,1735,33.87,61,22,Current,Low
116880dd-3244-4da2-9042-c8c24012d38d,Ethiopia,58,110,562,73,489,1782,38.67,42,23,Current,Low
ec98097e-7e70-4010-8c41-31db6fc701cd,Kenya,42,9,846,133,713,787,38.99,110,0,Current,Low
5aa83a28-1612-4927-8cba-46354a27d110,South Africa,19,29,469,131,338,861,48.86,143,18,Current,Low
97973dcc-cd3d-42b3-87c3-66852e55a60f,DRC,19,57,460,156,304,501,19.38,120,8,Current,Low
84761878-f15b-4319-a811-e53057b33bec,DRC,37,110,897,190,707,183,7.1,71,0,Current,Low
c6d0f620-64ea-4c43-9e69-80b21aa890f6,DRC,24,87,1172,262,910,341,25.87,115,16,Current,Low
c6db7ec4-fb55-41bd-8aeb-934415d46237,Ethiopia,58,58,1072,226,846,730,25.11,174,14,Current,Low
4e2c5e74-6dc9-4559-9fd8-b355b653427e,Kenya,28,83,929,181,748,2245,8.4,91,7,Current,Low
0ebbd1d3-8f67-4b78-9c11-6c9d9c3088d5,Ethiopia,31,78,134,120,14,2515,28.46,154,12,Current,Low
8fcbaa26-fdbd-4af9-b664-fc1b9637ab1a,Tanzania,24,55,1153,174,979,1997,45.07,118,11,Current,Low
0083fffe-f95c-4bbf-bfe4-a83346afec8b,Egypt,24,22,178,261,-83,2742,34.21,189,26,Current,Low
43cd4da7-e26a-44ff-9767-6247875ecd88,DRC,63,11,497,154,343,1549,4.86,46,55,Late,Medium
bf6c59e9-599b-4793-b570-de1dde0afa80,Egypt,46,39,414,296,118,1747,8.84,100,0,Current,Low
c37e6f95-8eb6-402e-b119-8961c4f76de3,South Africa,48,63,876,234,642,1632,3.48,148,25,Current,Low
729a4710-6087-41a5-b2c0-f2a8f8355826,Ethiopia,35,64,291,62,229,2590,36.35,39,25,Current,Low
6890be1d-0a98-4458-a57e-67e044198e00,DRC,19,92,186,143,43,1374,29.06,83,32,Late,Medium
b7184b11-ba0c-4f46-bffd-6f0d513562d1,Egypt,26,109,559,67,492,807,23.42,74,0,Current,Low
20dbe28a-7716-4793-895c-abfb30549429,Ethiopia,33,44,838,263,575,901,28.42,179,27,Current,Low
d4422c10-5b41-4c4f-a73a-2ace20dec7c3,South Africa,19,115,1060,289,771,1165,38.14,126,39,Late,Medium
81218014-032c-498e-91de-ee6e4eb2f7bb,Lesotho,62,100,97,38,59,1093,26.62,167,39,Late,Medium
e21edfe0-4aac-40dc-864c-3075cbfdef23,Tanzania,43,29,323,147,176,402,19.39,148,13,Current,Low
02079538-4cbb-451e-8b3a-f52b95508b50,DRC,56,38,923,11,912,629,49.26,32,52,Late,Medium
0e98f330-86aa-43bd-a66f-c6878e8d55d9,Kenya,62,29,760,242,518,1865,45.73,3,0,Current,Low
f9e8bff5-91e8-42ab-a785-5a5e36cf6225,South Africa,65,85,515,42,473,1961,48.38,4,22,Current,Low
c4653e94-59a4-45d3-a140-8de9fffe3af3,Tanzania,18,66,333,178,155,303,27.63,143,5,Current,Low
f6655bb4-065d-443a-b99e-a0e0cfd21a58,Lesotho,40,113,1167,279,888,1756,21.42,20,0,Current,Low
13907937-cea9-41c7-aa72-9bac8c546085,Kenya,22,67,766,271,495,1448,13.19,11,31,Late,Medium
2291b35b-a418-4c74-a077-b43118cad884,DRC,47,55,266,202,64,576,8.7,73,10,Current,Low
0b45e0f9-46f2-4df2-a251-153206500d6a,South Africa,35,78,1144,18,1126,1903,39.8,191,20,Current,Low
3750dbd7-a2fc-4bc6-aa0b-5d459e6d4f4a,Tanzania,46,18,1151,270,881,1190,34.6,17,0,Current,Low
adfa6d27-ad07-4481-9fc9-dc72e5d42ca1,DRC,33,51,642,23,619,930,1.21,123,25,Current,Low
14b78700-f711-4490-9b71-da4c72403454,DRC,28,61,500,5,495,2247,27.62,78,10,Current,Low
3b9f12d5-3eeb-4d71-82d5-1b0dff2c4b52,South Africa,62,10,898,235,663,2439,9.09,64,8,Current,Low
1d5b6e0f-216a-47f9-9730-b37838fb11c0,Kenya,57,5,1052,277,775,1861,9.47,75,9,Current,Low
7d3af2b8-296e-4d8a-aaef-d4f45665e3e4,DRC,64,21,1099,176,923,1693,39.1,178,6,Current,Low
e799ebc9-fdb8-4ce6-bfdb-22577fbef1a8,Mozambique,32,92,354,171,183,1423,17.27,150,33,Late,Medium
1a5113dc-53c1-41c0-ae06-2951709356ba,South Africa,24,105,169,264,-95,1954,42.78,52,19,Current,Low
9373a97d-e585-4636-9031-495bce786518,Kenya,54,87,464,80,384,688,45.98,80,2,Current,Low
4b1430f4-824d-4e1b-8ac3-60a836591e44,Egypt,21,74,61,107,-46,992,30.8,192,21,Current,Low
0685c221-58bb-43d7-896e-7406f8bca387,Egypt,64,89,1178,272,906,279,36.0,116,21,Current,Low
18888cae-b8f7-481f-b405-07ee6e1d24b5,Tanzania,46,119,777,20,757,2965,27.47,22,0,Current,Low
43176cb8-1a18-40c8-a183-427fc8c1e189,South Africa,51,86,118,282,-164,1844,39.5,153,19,Current,Low
dd43b4e1-53ad-4bc1-a038-702ba09c6323,Ethiopia,30,116,179,61,118,2065,14.12,82,0,Current,Low
dd10bb2b-a39e-4a68-bf33-24ed74984a7c,Lesotho,38,76,705,270,435,1152,13.34,187,23,Current,Low
8f06bb59-6836-4af8-adb5-451386fe9c97,Mozambique,59,90,60,187,-127,2113,37.35,91,34,Late,Medium
9f05e259-7773-488f-8676-bce0dfe61c96,Kenya,37,2,583,175,408,448,29.44,28,42,Late,Medium
5f1f06da-ff62-4bbd-827c-8c7e9f31bfd0,DRC,29,84,1135,195,940,981,31.3,87,5,Current,Low
ff055815-f31f-4d82-98b3-71f505717f1a,Mozambique,28,115,733,93,640,1722,9.07,199,8,Current,Low
d087bb5b-f818-4ecb-861a-de91b7db2516,Lesotho,37,33,1195,71,1124,1428,48.67,173,28,Current,Low
9154dd5f-5314-482b-bfb2-949ce3b4ea0b,South Africa,28,22,606,11,595,1868,36.92,97,11,Current,Low
36ea1035-f271-49fc-980a-8579498c1110,Egypt,18,32,411,279,132,1862,6.05,9,21,Current,Low
c9a7d3eb-c78c-425a-86a7-54c273c581e0,South Africa,63,33,817,163,654,1532,17.97,41,25,Current,Low
e4fbe5c3-69db-4c7e-a40f-1e0da2609be4,Mozambique,19,111,748,235,513,2978,27.25,80,72,Default,High
842a94d1-b33b-410d-bae7-675caa65d327,Tanzania,48,119,536,62,474,204,23.78,32,19,Current,Low
3217429c-f55c-4a6e-9dd5-d845089d9dab,Kenya,28,55,230,70,160,2257,6.89,33,21,Current,Low
4ffaddc5-c32a-45e4-bea0-5c1f49a774fb,Kenya,55,110,868,121,747,1407,39.75,142,13,Current,Low
789efcd0-9649-4ec4-9b10-8f621a1a0341,Egypt,47,52,633,294,339,1753,21.95,187,17,Current,Low
41c5058b-3f83-474e-997e-b3db37a80a79,Lesotho,57,86,1060,205,855,2864,2.69,195,36,Late,Medium
28a4cde0-20ca-4a68-8e17-3d6d6b6c7bdd,DRC,62,87,950,248,702,1302,37.8,126,48,Late,Medium
9a9183dc-231c-4627-80ae-feae73eeaa6a,Tanzania,41,33,138,183,-45,2233,2.42,146,12,Current,Low
8a7fb3af-d8e0-40fd-8a47-97e7324044f9,Ethiopia,49,20,686,258,428,1886,6.81,40,29,Current,Low
77c4f58d-f4ba-403a-9dcd-5fbad4f69ed2,South Africa,32,64,1080,20,1060,380,48.4,30,0,Current,Low
68a53b21-7c18-4710-815b-be91fec1cebd,Ethiopia,38,72,620,183,437,2031,9.49,21,37,Late,Medium
1fe8aed9-112b-4664-b1ad-9514cc27db76,Tanzania,43,5,555,119,436,1073,5.34,2,7,Current,Low
4f4a796d-0439-43f3-a72a-07d63d564206,Tanzania,47,100,700,64,636,1454,25.99,72,25,Current,Low
243499ca-463b-48d1-9879-ac7918f8de65,Lesotho,21,87,362,174,188,2568,21.57,56,12,Current,Low
b12ab678-4930-420b-be74-35595566e506,Mozambique,28,59,739,41,698,1674,24.54,138,17,Current,Low
2805dadb-288b-464b-abfc-e476d03f3ea2,Kenya,37,120,244,113,131,1322,33.11,66,6,Current,Low
f9d815ce-90f2-447f-bc1b-c37df405ab6b,Lesotho,34,108,1036,133,903,2575,0.6,160,0,Current,Low
bc46a1d4-b072-4370-bf2b-d693b90ee278,DRC,30,58,711,228,483,2327,36.75,165,0,Current,Low
c0b12d45-7d91-4f2a-b018-75f5e1ddc4ee,Tanzania,27,21,216,207,9,271,24.9,25,9,Current,Low
c6792090-62f3-4f62-8610-a11d2939ac93,Mozambique,28,72,52,87,-35,1560,25.51,16,46,Late,Medium
c0efe46c-604c-4d89-8b5f-ecaeb879649f,Lesotho,57,7,265,231,34,1442,36.74,196,6,Current,Low
244c28cd-53b9-41d0-8b49-1ea4cfd44cfa,Kenya,57,103,972,242,730,479,21.72,58,8,Current,Low
a4df8548-e796-4cd6-944e-f3268e4bfd1e,DRC,64,43,637,28,609,1544,41.72,131,0,Current,Low
7778a284-b759-492d-aae0-d9a234efeef5,Ethiopia,26,110,810,134,676,109,14.92,156,33,Late,Medium
dd176f34-24f3-44fd-a3ab-59884bc5bcb9,DRC,23,113,1187,212,975,1275,0.78,96,23,Current,Low
f9578553-f150-47fa-89d5-50868c97027a,South Africa,54,23,839,214,625,2800,20.31,118,11,Current,Low
8d7359d3-3fce-4b02-9abe-3471145b602e,Tanzania,45,97,390,10,380,2151,22.78,127,44,Late,Medium
c8bad7fe-2d1d-4f96-b275-fd3f9aef067c,Kenya,56,51,513,144,369,1578,4.88,82,30,Current,Low
fcaa8ee2-9c31-4ddb-bc50-a01810f3a4a4,Egypt,43,12,477,273,204,2931,27.14,191,12,Current,Low
b7e5cafa-fcd8-4681-a34c-d986fecc402a,Ethiopia,41,11,1187,16,1171,855,48.98,198,0,Current,Low
a33a6e00-d1a1-45a0-947e-514e6de8c6ba,Tanzania,59,81,477,94,383,142,24.03,139,24,Current,Low
710c16b2-8fea-4109-837d-abf7341bc59b,Kenya,64,4,681,5,676,2711,25.87,75,16,Current,Low
d568a226-c8af-4eb2-8bc5-6e4158325960,Tanzania,35,5,350,90,260,2961,25.16,159,0,Current,Low
3414fabd-cdba-40fd-b47a-dec2801d17a6,Kenya,26,96,965,113,852,1674,47.75,110,18,Current,Low
ccc6cc46-f1d1-440a-b892-2d7211d1f9d5,Lesotho,60,40,84,8,76,562,4.19,187,57,Late,Medium
fcf38937-1ab4-4071-b7ab-2df3e0426413,Ethiopia,33,62,435,106,329,2425,27.86,168,5,Current,Low
59018a25-2386-477f-98f1-6409da850980,Egypt,34,95,676,84,592,1959,20.18,80,0,Current,Low
ac66f222-70e7-47a5-9581-6de3e73f7ee7,Egypt,44,34,581,61,520,2465,16.86,152,16,Current,Low
6cf68dc2-f99d-4465-947f-f2b4601ba929,Ethiopia,46,107,335,172,163,1939,43.42,43,35,Late,Medium
c8ea3393-8707-4889-96b3-e74454653da2,Ethiopia,56,3,231,149,82,412,12.96,7,0,Current,Low
75338171-371f-46bf-b4c3-c8a0e0f6981b,Lesotho,28,6,661,201,460,1370,44.85,17,5,Current,Low
c07516d7-3361-421c-8805-6503a2685372,Ethiopia,39,1,404,232,172,2987,3.05,84,47,Late,Medium
e7e1cc95-5ccc-4cf1-8417-6575362655a4,South Africa,31,1,717,70,647,1175,14.82,104,22,Current,Low
79805cc3-1abc-4fdc-975c-b0dce0a22555,Ethiopia,29,3,98,75,23,396,23.32,189,14,Current,Low
35993a51-93c7-48fa-9f1d-0e213d938a9f,Mozambique,48,120,907,175,732,585,8.53,168,0,Current,Low
514e0e56-aa9f-4c30-be6f-160bee95a1ef,DRC,37,73,812,108,704,2330,19.64,90,39,Late,Medium
5799820c-1906-4313-8090-4fd99de405f7,Egypt,56,106,817,236,581,2889,5.41,191,4,Current,Low
9c9b389f-97de-4155-9d8e-1989fffe0f25,Mozambique,34,5,687,292,395,1940,17.66,142,0,Current,Low
01839c01-9652-42cf-94db-ce4824a60bef,Lesotho,25,115,1166,158,1008,2474,1.75,6,24,Current,Low
3c41bf25-5f09-4281-8b5a-2a2d3ba0604f,Mozambique,43,55,726,69,657,2832,39.52,62,12,Current,Low
869323eb-8b28-4f5e-97fd-cb4716979a8b,Ethiopia,40,27,285,196,89,2235,47.55,198,23,Current,Low
60a6199c-a39c-46c8-a3e9-99e692b2d006,Lesotho,31,100,933,169,764,705,13.34,76,6,Current,Low
2bab0e87-8290-457c-982d-b3fe4322d5c9,Lesotho,23,97,1004,96,908,2296,9.75,94,29,Current,Low
ae6a7506-5e65-4092-b3d9-c877f3f46c49,Kenya,37,26,454,156,298,2022,5.56,50,36,Late,Medium
bcb73bd2-35a9-487d-b951-900de09e63b3,Kenya,51,98,624,204,420,1005,29.95,150,18,Current,Low
f1305744-4404-4adf-a167-5a6bce5e873e,Ethiopia,24,106,886,194,692,1278,42.76,29,40,Late,Medium
cbb3c454-95eb-492f-ad20-2065e37c38e6,Lesotho,43,52,1151,123,1028,1819,14.92,47,6,Current,Low
f3eee028-937f-4a4a-a704-2dc253b72308,Egypt,65,95,213,155,58,1485,32.84,102,0,Current,Low
efc2ba6d-1e7e-4d20-adf5-6f1737f774d9,Ethiopia,50,7,1060,118,942,590,20.27,25,0,Current,Low
1225dada-19cf-4c9e-8fcc-6f2ba585aa04,Kenya,55,105,910,273,637,285,32.5,192,22,Current,Low
2e9a6d07-824f-4e78-93e1-a51647f9a756,Mozambique,27,111,411,216,195,1028,41.0,32,0,Current,Low
a7f3af7d-2b0b-4107-a3cb-0a360ec69545,Tanzania,28,29,70,172,-102,2382,48.14,66,10,Current,Low
f52d74fb-39cc-409e-a227-82155d96c686,Mozambique,38,46,977,161,816,696,40.77,10,41,Late,Medium
f177fae9-ad02-457a-bc12-cc73f57482ad,South Africa,64,60,186,284,-98,2695,45.4,143,15,Current,Low
1b64dde6-befa-4daa-b874-86ac61861c1d,DRC,20,42,1010,83,927,1476,10.73,187,33,Late,Medium
6fb22ccd-11c1-4c8f-bf8e-9cc9576a22ac,Tanzania,19,54,870,281,589,1811,3.8,147,47,Late,Medium
b401ad62-436c-45a5-ab6c-9d160be1f272,Lesotho,43,34,608,286,322,1087,47.94,167,31,Late,Medium
7d2e5ac5-ea44-42e6-b1a3-59755f5f91d6,DRC,65,15,539,27,512,751,2.9,22,4,Current,Low
5ab7722d-393c-4f3e-ac22-16254af771a1,Egypt,65,7,984,1,983,2245,12.55,8,0,Current,Low
263f5663-e43b-4b74-a39a-ade3cf9f3d4d,Mozambique,55,96,714,72,642,2994,24.92,156,39,Late,Medium
6de3bec2-63b6-4b1f-9357-e0cd52888ee3,Mozambique,61,67,543,97,446,2699,6.83,100,26,Current,Low
d947f222-d8e1-4126-abbb-9a0234e07262,South Africa,45,60,730,95,635,554,40.34,114,36,Late,Medium
0fbc0496-22d4-4bf7-a2a4-da4c3cf217f8,Kenya,36,4,811,35,776,1069,30.17,51,49,Late,Medium
d1f6feb2-18fe-44c4-b169-5306e9ebb1c7,Mozambique,50,20,953,148,805,2031,12.36,2,24,Current,Low
41abac51-1533-4ac8-adcb-1612fc8fc23a,Tanzania,26,26,467,220,247,2857,45.92,60,27,Current,Low
a9457554-5384-4698-8f80-3e0bc6432727,Egypt,54,89,996,190,806,1268,4.23,92,31,Late,Medium
28c2a847-5b96-4a00-b49e-337a87de86c4,Ethiopia,56,45,211,72,139,1884,1.75,16,40,Late,Medium
b177c70a-3a6c-4a6d-a2d8-19d4885f91fe,Ethiopia,34,86,406,67,339,1464,14.58,41,0,Current,Low
2c0d0b46-bed0-4692-95fc-18cda3a38a2b,South Africa,45,69,1001,36,965,2735,9.03,32,0,Current,Low
2b99abcc-f636-49d0-b261-1a3f94fe6904,Egypt,55,106,509,170,339,2079,48.25,64,17,Current,Low
a095a164-3140-40fc-851f-dcf9effce890,Mozambique,58,53,484,58,426,2349,2.56,139,26,Current,Low
b0871f3f-4ff2-4574-a22f-4b811ff1ed12,DRC,31,111,434,278,156,1702,23.53,102,14,Current,Low
e7da2f6b-ce02-4c17-8711-76bd2ff24f31,Kenya,35,78,1026,87,939,2265,23.28,37,0,Current,Low
0605da18-1424-44b5-a83f-7ae849db1eed,Tanzania,48,61,715,16,699,235,29.43,8,0,Current,Low
fce3433a-52a7-464e-8a51-c54dbf28947b,Lesotho,59,88,576,111,465,805,31.18,115,18,Current,Low
04405d4e-8337-4555-99ed-a58806c7b75d,Kenya,24,88,281,260,21,2414,43.58,103,25,Current,Low
ebda14b5-eec1-45fe-89d4-1e8a2ddd860e,Ethiopia,42,85,993,108,885,2148,30.48,28,4,Current,Low
9dc8666c-49e5-4ff2-bae4-78a5a676a424,DRC,55,101,85,71,14,653,39.78,35,19,Current,Low
27d558ef-d34d-466c-a312-e701c448377a,South Africa,34,65,107,40,67,2726,47.5,86,0,Current,Low
1e919aaa-d16d-4d2c-99e8-b8cf3551a08a,Lesotho,55,28,1194,103,1091,1975,42.28,183,23,Current,Low
877cdfb0-c7cc-473f-9f81-2a74f8f1155c,DRC,54,51,351,17,334,2658,11.47,57,0,Current,Low
8cc3d063-6042-428f-8076-3eb05b06b9d2,Egypt,25,82,657,54,603,1974,47.35,74,27,Current,Low
caf003e2-3b4a-4c1b-9e57-8ca3e64a664c,Kenya,40,88,541,242,299,1691,37.24,183,0,Current,Low
8ed99f84-67c0-488a-881d-cbb5cd8226ef,South Africa,29,70,904,14,890,756,22.23,66,24,Current,Low
6d09cb0c-e3ee-4b34-b8ab-4ea98a1e0c6a,Ethiopia,58,110,697,250,447,928,5.12,51,64,Default,High
625eb8ce-8163-4180-84a6-5f92024b033a,Lesotho,57,114,682,214,468,2325,49.48,177,46,Late,Medium
6216d2a9-c655-4c08-96da-b0402b6e2a74,Egypt,37,77,989,42,947,2008,16.42,187,22,Current,Low
2b59b36e-9857-466a-b960-e486e491502e,Lesotho,22,42,958,230,728,2361,9.04,172,38,Late,Medium
bf5cf940-80c9-425b-98a6-4ca01997731a,DRC,20,24,588,84,504,1482,9.95,20,8,Current,Low
5f5ecd47-4559-4096-99d9-69d92036b693,DRC,63,91,181,261,-80,2920,13.85,101,0,Current,Low
2ecbd1cd-cc46-4a6c-a319-806d2522880d,Egypt,53,64,586,50,536,2235,42.88,70,39,Late,Medium
3df5e8f8-069e-48ac-be4e-b4423687e7c3,Tanzania,24,109,288,208,80,1507,38.99,166,27,Current,Low
746f1132-36d8-4797-89ed-3f65093b0a74,Egypt,42,60,417,289,128,392,39.58,10,32,Late,Medium
7e670ec7-89bd-428d-ad9a-ec467df6cadb,Mozambique,47,59,688,289,399,1894,1.25,181,0,Current,Low
c0cab2ea-68f9-434d-b180-7c9b38f6b777,DRC,33,10,947,300,647,1038,5.68,39,0,Current,Low
782fd520-34c3-4c7d-aff6-ef29490cadd1,DRC,31,76,492,193,299,2438,2.06,83,9,Current,Low
907cdc35-4e67-456d-b97d-40c44e54886a,South Africa,63,1,1136,260,876,1493,1.57,107,26,Current,Low
8e76957e-c8ca-4429-bb2c-d3e812910ce6,Ethiopia,51,2,821,197,624,732,24.33,149,10,Current,Low
815bbb79-ac99-4a28-957d-d05e3c41c1df,Kenya,34,6,782,85,697,718,10.15,73,0,Current,Low
e2d9de6a-fac6-4c16-9f61-acfc72aedf83,Mozambique,60,97,980,78,902,991,37.4,173,28,Current,Low
f3ca7d5a-62d1-4d11-84d5-d98a53715522,DRC,54,37,562,20,542,590,29.62,191,0,Current,Low
c8d75079-8a41-4819-bb98-496d606a299b,Ethiopia,38,93,297,182,115,1923,9.41,116,18,Current,Low
403f07f4-d55f-4f68-9905-218f77c64b06,Lesotho,48,16,358,230,128,402,48.59,183,4,Current,Low
34c5590d-df5e-45cc-b8c7-706685521238,Lesotho,65,119,817,251,566,2146,3.65,89,11,Current,Low
cb20dd4a-1360-4264-99d9-fa17faae01cd,Ethiopia,29,50,390,221,169,757,4.26,114,16,Current,Low
83ed50d6-6433-433b-9e7f-4f1bfaa3a48d,South Africa,18,117,933,258,675,2326,21.95,45,32,Late,Medium
06faf9b0-fa50-4217-93bf-03b81d547a6d,South Africa,47,77,832,147,685,2055,30.88,84,30,Current,Low
160bddea-e2ff-413b-b6f4-8a579583fa94,Egypt,62,20,1092,52,1040,1930,35.31,32,32,Late,Medium
a06ea2b2-7b59-480c-a3f3-b6fb3295656d,Tanzania,36,45,277,239,38,330,44.51,132,0,Current,Low
6b54ee22-b2ce-4e16-895a-870d456f9958,DRC,58,96,55,87,-32,2944,29.56,106,22,Current,Low
ea837fc2-6a86-4abe-9515-32ddf88061ae,Kenya,64,73,794,275,519,702,23.35,160,0,Current,Low
031df802-ab11-4cec-b321-033e095e6a79,Egypt,21,69,86,204,-118,462,17.58,114,32,Late,Medium
c8c24038-f611-4625-aa1e-62f7249bd38c,Lesotho,33,76,825,151,674,1553,41.97,55,29,Current,Low
7f31d76a-77bc-48a3-a2e1-30241cb214e4,Egypt,18,30,636,41,595,1848,22.6,10,14,Current,Low
59742343-875f-4b63-a4c8-c0f7fff42393,Ethiopia,39,84,294,259,35,1364,45.3,146,5,Current,Low
988d8f34-e938-4852-83fd-e69621262fd6,Mozambique,30,29,682,110,572,2595,42.11,161,23,Current,Low
8b9fbfa4-d1a1-4306-9f04-cc39991211cf,Ethiopia,53,11,1151,209,942,2116,15.35,13,0,Current,Low
8301c955-4cc1-42c4-95d9-e4e5aae00abf,Mozambique,39,59,711,56,655,133,15.5,164,0,Current,Low
4b37a296-9a56-4460-b8f8-293446805299,Egypt,55,51,584,287,297,1864,3.65,164,6,Current,Low
dce5f94c-fa87-438e-a75c-944a963754a2,Mozambique,59,31,270,169,101,1988,5.81,35,42,Late,Medium
dbba5c65-03df-4558-8a04-45458a6bb417,Ethiopia,43,59,414,8,406,1871,15.04,124,29,Current,Low
f78bc5e3-983b-4f43-bf63-d6656c5bf160,Ethiopia,31,18,932,143,789,2995,37.52,150,30,Current,Low
1cde002c-9840-4548-a236-3553e3441f20,Kenya,57,8,473,218,255,2908,21.51,35,0,Current,Low
9788e9e1-310a-45f4-a0c4-4928056ac524,Egypt,46,57,82,187,-105,2404,3.8,177,22,Current,Low
61274aa1-ea06-46ba-985d-95016ea94241,Tanzania,25,31,382,173,209,2460,18.49,72,0,Current,Low
a1545a62-9e70-4ac6-80d8-7df351dd3ec4,Mozambique,51,85,937,217,720,2674,20.18,172,43,Late,Medium
a5e9dd23-4c07-45fb-882c-32ba08aa2818,Lesotho,31,57,819,220,599,1191,40.01,83,19,Current,Low
b2ee002b-f021-40ec-9c2f-34b6880564ac,South Africa,22,114,307,169,138,842,17.21,90,47,Late,Medium
46ce139d-69d5-4210-847e-b576ea246a2d,South Africa,23,115,151,202,-51,1726,9.53,194,36,Late,Medium
777d918b-3de0-4c7b-ab41-e9cadf5e863e,Lesotho,51,4,908,159,749,621,35.63,118,0,Current,Low
4875a36f-8ab2-46d8-af4f-51be7017b4c3,Egypt,65,51,784,22,762,1933,35.9,193,11,Current,Low
f79f7662-56d0-4726-8e3a-6302df061b73,Tanzania,48,86,911,48,863,2648,45.44,19,34,Late,Medium
a299830b-1649-41dd-a184-e7f4e18ffbd5,Ethiopia,25,50,463,28,435,2781,43.9,166,21,Current,Low
03a18b01-f70f-4709-b930-7ebe47e63368,South Africa,62,100,396,212,184,1549,27.73,103,24,Current,Low
6da36dd5-039f-45bf-b4c1-de63491a2da4,DRC,18,65,1120,178,942,844,45.69,181,1,Current,Low
6d930771-51d1-4610-8710-a9dc4f1474cf,Ethiopia,36,9,447,69,378,377,28.21,56,25,Current,Low
39e95a37-6a23-4f57-b976-457674ff9ed8,Egypt,47,99,281,99,182,918,16.55,57,15,Current,Low
a3db9171-e787-4879-98f2-f077898ada26,South Africa,58,102,579,202,377,913,6.63,30,41,Late,Medium
c0f5d6dd-9ede-4ca8-95cc-82d69b6c6f80,Mozambique,61,80,687,77,610,693,32.5,17,0,Current,Low
38a207e0-19e1-44a3-a21f-7c277e4c4a12,Lesotho,38,31,1101,155,946,1802,23.43,179,19,Current,Low
cbfdb2b1-bd54-4be0-9cd8-253e6721964a,DRC,20,93,155,153,2,1916,13.92,145,2,Current,Low
ee8b5133-0f31-4021-874f-e6b75146bb7e,Tanzania,55,88,173,150,23,359,4.82,12,2,Current,Low
e9629f4d-d96c-4876-a266-1867f04458e1,South Africa,36,92,613,283,330,1593,20.3,90,37,Late,Medium
1194c55f-41c6-4658-aa94-f0cf103a5509,Tanzania,52,57,519,126,393,1963,24.3,139,1,Current,Low
aed4214b-10cf-428c-bbe0-397ea4061beb,Tanzania,36,61,570,202,368,353,28.62,190,20,Current,Low
fcb45044-c8d8-41a9-8f33-3439b7a2585d,Ethiopia,35,23,324,28,296,2518,29.69,70,42,Late,Medium
b5c0e823-b1b4-45c3-82b3-bf21c1179ded,Lesotho,40,95,1063,104,959,258,13.4,6,1,Current,Low
47d25550-1f12-4396-9c8e-ed36aad147ad,Mozambique,53,110,827,116,711,2499,35.75,76,0,Current,Low
dc9b7d9c-b778-4917-9c1c-39d01a922eed,Mozambique,47,110,589,214,375,861,32.19,4,44,Late,Medium
0e128501-2feb-4947-a09c-7111b0c85537,Ethiopia,18,37,524,270,254,1790,49.6,156,25,Current,Low
574eeb90-41fd-4d9a-a1c6-20b89741cfa3,Tanzania,34,91,908,21,887,1027,10.61,190,5,Current,Low
a9743185-0e5c-4732-abc3-1654beae7c92,Tanzania,45,82,1140,15,1125,2334,42.78,81,27,Current,Low
42b80110-c065-4896-9dc5-2ed8394f7df3,DRC,55,98,337,22,315,1357,25.08,70,15,Current,Low
7b24dfb6-f818-4890-9dcb-86f62d26e699,Tanzania,25,97,380,69,311,568,16.1,101,22,Current,Low
75f9df86-407a-472c-9c0c-7e735575a20c,Kenya,24,99,986,97,889,371,49.5,59,0,Current,Low
22ef5255-fb8e-4cf2-81fc-57b2cea96a8f,Lesotho,46,56,158,123,35,1115,14.35,146,5,Current,Low
64859120-fe83-49f8-b112-f2217c074286,Tanzania,26,111,99,256,-157,1626,49.89,194,0,Current,Low
ee988d07-ffd3-4744-bd95-1a57f57c549f,DRC,42,28,1130,237,893,1134,41.38,97,0,Current,Low
8f4bf881-3585-47b2-8d40-5de7b81db6cb,Kenya,23,56,1101,128,973,2401,15.24,52,46,Late,Medium
ef0c4540-8964-4c01-8ca5-e07958dd1043,Kenya,55,62,285,94,191,916,6.83,127,5,Current,Low
7d8d795a-5721-4524-9f10-7975df59a0aa,Kenya,37,55,417,59,358,872,6.66,96,0,Current,Low
4cc15aa0-6df9-4d58-87b7-f9257d358c28,Lesotho,35,56,948,253,695,2462,6.9,48,22,Current,Low
56352268-6ba0-4650-b292-6e72b49c875e,DRC,27,32,817,150,667,544,4.87,81,8,Current,Low
7a7b3b66-905a-4a3a-90ea-760f548c9298,DRC,50,66,1029,268,761,2342,24.78,35,0,Current,Low
7704b227-9e49-490e-9576-9d7e5f190d5c,Kenya,48,23,1131,101,1030,2561,45.92,134,0,Current,Low
4a613f9b-088c-44c4-bdc5-1fc4b7f7d7f6,Mozambique,59,16,1018,244,774,2703,40.41,56,0,Current,Low
8ab6f62d-80c6-4b2d-a0bc-c4c771c4871f,Egypt,63,13,122,39,83,2654,9.63,166,36,Late,Medium
e06f4b3a-18d8-463b-aa3f-5d8f05fe855c,Mozambique,64,87,486,208,278,2616,38.32,157,17,Current,Low
4c2549c4-7c12-4977-99a1-335016ab6406,Kenya,26,65,672,3,669,1656,18.11,63,57,Late,Medium
6c72cff0-8518-4863-9846-264468859a15,Ethiopia,29,93,1177,145,1032,623,48.15,135,19,Current,Low
65f53535-8f3c-4b11-947f-a6f341e4d8d4,Lesotho,40,56,606,149,457,282,15.81,38,37,Late,Medium
ba0022ca-1f34-4ed0-a733-5a66abc99bc7,Kenya,61,13,877,255,622,1318,18.7,89,29,Current,Low
a91b4927-c4cf-44a3-91f4-351044c006ff,Lesotho,27,54,988,277,711,1270,32.95,152,0,Current,Low
6905ce0a-71d9-4294-9a03-57c61d7e64f6,Lesotho,43,113,711,121,590,1176,39.25,148,17,Current,Low
42d82803-f25b-48ae-bf31-1bda51dafb63,South Africa,52,6,1062,247,815,1736,17.66,176,30,Current,Low
e35e8251-39ad-4d71-914d-67bd607b3afe,Kenya,26,12,797,283,514,2192,23.06,174,16,Current,Low
6e66b953-780e-47d8-83c8-c0702ae7894c,Kenya,25,100,662,111,551,835,33.97,66,7,Current,Low
044e409a-038d-4619-b679-c8c15890e474,Kenya,55,6,128,267,-139,1133,29.33,60,25,Current,Low
186af27b-5a85-4d57-9d5d-a15f7e30a120,Mozambique,32,56,458,274,184,1426,2.38,129,25,Current,Low
b4905fca-5247-411f-9c49-59430f8e22d3,Egypt,32,44,274,284,-10,1514,28.56,41,28,Current,Low
a3ddaa94-e993-4155-85b5-6164b4481020,Lesotho,20,98,267,9,258,633,28.83,49,0,Current,Low
148dd840-04a6-4804-8dde-746bf08bde31,Mozambique,21,65,483,60,423,520,15.44,181,47,Late,Medium
8fa5e24f-c4ef-447e-b86c-210ea2adc134,DRC,46,82,405,287,118,1479,18.73,1,0,Current,Low
2d6e29e8-eaab-4be7-b14c-cf2e93096dbb,Lesotho,59,11,923,156,767,1736,27.97,197,23,Current,Low
cd78fb67-f0cf-4355-ae2a-ffa6965f6076,DRC,45,73,727,81,646,464,43.71,131,38,Late,Medium
0a533fa7-398c-4190-b96b-57d21438955a,Tanzania,40,57,913,231,682,2866,49.31,84,0,Current,Low
299e321c-8b53-4dde-af46-542725ac64b9,Egypt,65,104,790,238,552,424,39.76,63,0,Current,Low
159e2c83-ac3f-4998-a8a6-9d765e158ee9,DRC,36,90,118,131,-13,1265,5.28,65,18,Current,Low
7b41ae98-654e-4120-a67b-332455adcbdf,Kenya,47,119,667,18,649,2711,47.34,88,12,Current,Low
20e3b494-9829-4436-ab71-8eea5252c144,Lesotho,53,97,831,214,617,894,38.12,156,21,Current,Low
4fad24e5-8ba7-4a12-8791-40a2e8cd8fb2,Kenya,38,104,602,145,457,705,16.14,195,18,Current,Low
c99f65aa-ef08-4474-912d-9f9833dfd225,Mozambique,55,57,1056,66,990,2422,49.55,92,22,Current,Low
09fcad75-c390-4acd-a486-b56c95f83291,Kenya,28,50,540,270,270,405,19.43,183,38,Late,Medium
78b703c3-f99d-4cff-b024-f3074643754e,Egypt,20,71,409,130,279,2781,38.18,16,13,Current,Low
b7508f55-aea8-445d-957a-fbab7460536c,DRC,57,9,999,64,935,1512,7.78,40,17,Current,Low
ee733d43-00e8-4380-a3b5-ecda7c878839,Ethiopia,63,41,294,14,280,1898,28.09,110,30,Current,Low
592f1e55-4cad-4f4d-a56a-684b04784bab,South Africa,55,102,798,60,738,1965,5.86,169,4,Current,Low
3ee0771e-ce0b-4e56-b9f9-c41cc89648ea,Tanzania,54,23,60,191,-131,1098,24.21,139,6,Current,Low
da93570e-0c50-47ba-9bea-26b2d0546ccb,Mozambique,31,117,379,224,155,139,48.97,29,0,Current,Low
02d21979-1267-4e8b-880e-276b9f050076,Mozambique,48,7,943,39,904,982,28.65,112,20,Current,Low
f336897a-9522-43cd-81d8-f45d5895c26a,Kenya,30,62,1189,47,1142,514,34.07,44,11,Current,Low
54004ce9-54c9-4f01-8d92-f5b43c105052,DRC,58,69,432,237,195,999,5.75,85,58,Late,Medium
dd655843-a876-4761-bd35-eaf1d1b0674f,Mozambique,42,21,1068,79,989,968,13.05,103,28,Current,Low
19b99ee5-12e9-4b40-a294-eb0108fe623a,South Africa,24,83,833,95,738,615,22.41,147,7,Current,Low
1dfe428d-6929-4e29-8ff2-9f31bebb8a47,Ethiopia,56,79,1130,217,913,849,4.36,110,59,Late,Medium
d824bc58-c9e7-432a-ac04-abfe3443c4e2,South Africa,45,17,64,267,-203,2869,44.64,111,10,Current,Low
9bbfbae6-95e7-48ec-bd1e-5a4f0e35d3cc,Mozambique,43,71,495,227,268,571,28.51,31,25,Current,Low
79bd7d67-3aa0-46a2-815c-5c595892b68f,Mozambique,48,70,932,84,848,2317,15.4,29,25,Current,Low
1b7c83ce-b5c4-4e71-9f99-7d756547d5bb,DRC,32,101,87,41,46,2909,45.3,28,23,Current,Low
9568d7b4-af86-4405-a0b5-2e7681bec0f4,DRC,46,104,307,39,268,2649,26.35,53,18,Current,Low
f0921807-ab6e-4eb2-934f-fb0641ffd9e3,Mozambique,61,50,294,250,44,120,29.9,85,0,Current,Low
541994e6-502f-406a-94cd-2bbe032370ad,South Africa,38,103,1125,144,981,202,19.55,140,38,Late,Medium
80189ec1-768f-4ffc-8ef2-6bdbe4d48917,Ethiopia,29,55,1138,230,908,2190,27.66,50,11,Current,Low
80056806-026c-4e94-af69-c930c8d1fed6,Lesotho,39,83,1023,60,963,642,29.9,20,20,Current,Low
4e282493-b0f4-4d95-a4d6-2034cf175121,South Africa,21,68,917,121,796,341,38.73,139,34,Late,Medium
fca3443c-f3f7-4158-984c-d17d84a38914,Kenya,22,92,564,204,360,1484,7.31,89,10,Current,Low
2577f50c-f421-4dd6-a7cc-cf9b1f25cfdc,Mozambique,36,41,1076,125,951,564,15.12,34,7,Current,Low
96685ed4-1cca-4ff2-a6b3-8a06efc3417e,Tanzania,41,97,85,3,82,2888,20.22,13,18,Current,Low
e6ee1b5c-df94-44c0-b36c-2e9535f49d87,Egypt,21,19,142,30,112,2923,44.78,83,17,Current,Low
5165092e-6315-4b87-85bc-3d23e23188f4,Ethiopia,65,109,314,178,136,279,28.26,146,25,Current,Low
844a685a-5650-42b1-af58-1338178db966,South Africa,32,57,1031,244,787,1443,14.21,42,17,Current,Low
4fecd6a9-fb3a-4aa3-8d00-e5e9d44b3e4d,DRC,36,38,197,140,57,301,42.65,125,0,Current,Low
29fcc5ec-0afd-4347-9f6b-4346c21d125c,South Africa,35,109,935,233,702,829,40.47,163,25,Current,Low
40ef55b9-4a7d-433d-8e95-2742710755d1,Tanzania,44,54,902,114,788,1788,19.48,35,20,Current,Low
e5858759-c3ef-47f1-a2e3-4da6b620fd98,Kenya,21,90,890,114,776,2004,35.5,180,20,Current,Low
711a8c05-f089-4efa-a31b-3c92be6f6d79,DRC,20,70,432,215,217,2945,10.46,138,22,Current,Low
e6c0e8a3-140a-450e-a314-83ff910e8f49,Egypt,31,35,1172,209,963,2348,2.27,5,21,Current,Low
1b16519f-557b-4519-ab75-694773b05e05,Lesotho,42,34,1035,217,818,217,17.45,94,4,Current,Low
60cb8d70-70d7-4b38-bb45-088e2d207a57,Kenya,53,67,923,111,812,345,46.28,75,0,Current,Low
457bb626-f190-43c0-9267-a19ece12835a,Mozambique,19,51,975,181,794,1347,40.4,157,11,Current,Low
522819e9-18a6-4ce3-8143-ae01b0a0178b,DRC,64,7,1154,141,1013,2918,24.47,179,1,Current,Low
333c419a-4ca7-4033-a3d3-7f49cc146763,Kenya,50,18,921,223,698,2669,24.55,60,3,Current,Low
9c5aae7f-bbfe-46d1-90a6-d99416c065e1,Egypt,43,66,1007,199,808,2132,1.12,139,35,Late,Medium
5d2b2b67-3b48-4c5e-b5b6-b2b30a303149,Kenya,38,23,805,241,564,2419,46.96,110,0,Current,Low
fc58f79c-4d6f-4b96-96f1-9a901afc080b,South Africa,23,88,815,130,685,2766,3.27,198,53,Late,Medium
40f4fcbd-0bd6-4cda-aaeb-3d7e50a6f03b,Tanzania,47,104,667,270,397,2010,14.6,8,30,Current,Low
373d03b4-ced2-42e4-a9a0-a580a4b694b6,Ethiopia,61,107,873,82,791,744,20.87,71,17,Current,Low
07de6cc2-0158-4f5c-836d-4b6508254416,Ethiopia,62,2,325,231,94,207,23.03,56,27,Current,Low
378daf7b-ba27-4b8c-be04-2ac11812d103,Egypt,62,38,360,266,94,2983,34.69,148,0,Current,Low
7d3a8d48-91af-4754-aec4-0f80bc2cb047,Lesotho,38,96,373,59,314,808,28.44,67,4,Current,Low
b2ca8087-829b-4bb2-810a-dc612fe95806,Mozambique,30,34,897,189,708,1861,35.96,33,15,Current,Low
33f15076-e8e3-466d-8dd2-60febf10353c,Tanzania,35,29,868,282,586,2071,14.26,131,0,Current,Low
d52179d6-127c-40f3-b1a9-2017fcd379c7,Tanzania,48,41,61,239,-178,2991,29.65,97,38,Late,Medium
5a849dfb-2ebb-4640-9bad-e41ef526cf19,Tanzania,29,19,490,17,473,659,23.91,196,3,Current,Low
d8619263-23fa-4ad8-a35b-ab3597d062e6,Mozambique,43,39,338,209,129,765,31.89,35,44,Late,Medium
d6e504c2-bcf7-4374-b7ea-4d69f0e4c094,DRC,61,120,909,144,765,101,44.43,99,0,Current,Low
5feb9a83-41fe-4965-bb22-7843942088e2,Ethiopia,33,56,637,145,492,1482,15.63,77,7,Current,Low
0b1b81c0-92d1-4471-a93a-fef0f2304462,DRC,24,21,854,63,791,1364,35.58,169,0,Current,Low
1aca120e-1ca5-4bf9-99e9-59d562945879,Mozambique,52,25,645,61,584,270,35.94,157,35,Late,Medium
a9d2428f-709d-4b4b-ba99-713702f38761,DRC,46,99,787,25,762,2109,24.61,138,1,Current,Low
aeb05e91-9146-4cd3-8c00-2ca8af98c055,Kenya,52,75,251,105,146,2166,41.68,173,0,Current,Low
30e28b1f-3ea5-407d-8b70-c4cd3b04af5e,Ethiopia,59,96,1029,152,877,2176,31.9,30,1,Current,Low
7ae515e4-ed3f-4905-ae46-e651aa757d27,Lesotho,27,47,1103,148,955,607,5.99,83,0,Current,Low
cee5bfd1-654b-47b4-b53c-06e4a09e6767,DRC,38,83,985,255,730,2414,15.82,95,0,Current,Low
ddb34626-f221-4530-b12e-48989a6f7639,South Africa,56,62,1010,176,834,760,9.46,74,30,Current,Low
cfd0c93c-3af2-4978-8c4d-da67c571b586,Egypt,56,21,697,225,472,1068,25.36,69,37,Late,Medium
7e9f4621-0a9f-43be-b391-382d593be2b9,Egypt,35,30,1100,251,849,1599,0.79,150,58,Late,Medium
a2999402-2953-4a8c-9e00-9c01996c8975,Egypt,29,110,546,182,364,579,14.7,156,6,Current,Low
5807d0dd-0cf3-4de8-8f3e-d46a6dfee281,Kenya,44,61,1086,272,814,2512,3.43,25,0,Current,Low
edf5c802-7f85-42ac-952d-25faf906ac5f,DRC,53,31,184,190,-6,2489,36.23,55,38,Late,Medium
0659402d-5563-4a92-8874-9bb9d7c5f56c,Ethiopia,18,54,1132,65,1067,763,34.61,102,18,Current,Low
91ff9f11-5201-4024-84ff-0587a0f9c4f8,Egypt,29,61,1117,268,849,1454,49.18,169,17,Current,Low
eb737867-17aa-423c-bfa5-a03b5099bffb,Lesotho,59,116,1150,197,953,1927,5.9,71,0,Current,Low
a4fa4d71-309f-4153-babc-abb1a23c7ef2,DRC,52,89,1182,243,939,1971,8.0,27,19,Current,Low
2b95f787-ac08-451e-9e48-3875f5c94af6,Mozambique,44,39,1196,205,991,1374,41.97,97,0,Current,Low
9b958839-471c-4624-8fad-4db026c8554c,DRC,58,75,833,138,695,1227,35.74,95,40,Late,Medium
088bf629-5af1-4e63-bebf-60cd0294047b,DRC,48,46,541,188,353,1175,19.25,130,25,Current,Low
97ac905b-4b98-4eae-afde-dc8a1da03ac6,South Africa,24,18,507,185,322,263,45.46,103,10,Current,Low
eba22667-4577-4cf0-b88a-4a9a69cbf98e,Ethiopia,18,53,298,100,198,2145,11.19,66,0,Current,Low
2a68d1cf-fccb-4c26-b740-cc294b2a2eaa,Ethiopia,32,101,692,250,442,2699,19.78,126,23,Current,Low
65692db1-6a65-48d8-bfcb-34ee861ec6cf,Lesotho,20,41,835,123,712,746,28.54,164,18,Current,Low
f7cacecb-ae19-4dd4-995d-93f16508fb37,DRC,44,16,340,49,291,2731,18.86,141,39,Late,Medium
120cfd55-5596-4010-a656-860754c8f3a0,DRC,19,65,1032,244,788,584,4.24,147,7,Current,Low
8318c2dd-b17f-44cd-a46c-0c3fc9eb8d52,Tanzania,28,33,537,114,423,1078,30.13,55,28,Current,Low
78b98aca-0990-408e-a6db-7805dd100aa2,Egypt,28,117,915,126,789,1549,23.99,122,0,Current,Low
5c1ab831-7a2c-435f-8724-65bbe1c509b1,Lesotho,40,33,1165,143,1022,604,10.61,76,12,Current,Low
665f4da9-88d5-4f8e-a69c-4cbb3d00aca7,Mozambique,38,16,444,221,223,1233,31.35,148,25,Current,Low
3a5a9f38-e625-4c81-acee-49f88a7e9bef,Tanzania,25,19,408,6,402,1491,13.02,25,14,Current,Low
b5c2a55d-7157-4e4a-a891-06ac8bec973d,Lesotho,38,31,199,8,191,2552,38.33,61,17,Current,Low
52be7c43-7552-4406-bdb7-47cee5050911,South Africa,40,51,634,98,536,887,24.09,197,44,Late,Medium
d4a87ca3-424b-412d-a498-fa596d496ef7,Kenya,34,56,764,214,550,1088,40.37,186,0,Current,Low
cb63bcea-3e6a-4579-bc99-720153b43e51,Tanzania,45,43,983,272,711,133,2.31,90,20,Current,Low
973524d1-e0c2-461f-aad9-cadad8212e44,Ethiopia,22,81,1162,165,997,957,20.29,27,44,Late,Medium
bd14b9b7-cd96-4577-b501-8a3e73ae4b4f,Mozambique,46,83,1093,32,1061,1344,29.58,109,0,Current,Low
9a908246-1227-4e0d-8f15-93b955fa1c90,Mozambique,39,109,1106,169,937,291,26.67,189,0,Current,Low
e6c26c8d-875a-47be-9a7f-b0d3fb0e78d8,Tanzania,63,84,1012,112,900,2023,10.27,81,15,Current,Low
43dd118d-a8ba-4c26-ae74-5303f8d4ea0d,Kenya,28,2,1039,176,863,422,37.77,91,45,Late,Medium
65811414-31cb-40da-af8a-1ce1f7686784,South Africa,51,23,746,20,726,874,15.41,74,6,Current,Low
c4009110-a0ec-4cb1-92f2-dc416391a89a,Ethiopia,64,54,892,109,783,1764,5.31,115,37,Late,Medium
594742e5-dd1f-46d3-859b-f4ad1ac532bc,Mozambique,20,40,962,178,784,1269,6.6,139,0,Current,Low
41266df8-e447-4322-9a0b-f2a2adba31d9,Egypt,49,102,272,245,27,704,24.4,82,0,Current,Low
f98f970b-0b06-4101-9329-597cc7c8039b,Lesotho,63,72,575,228,347,684,42.04,164,3,Current,Low
0b570725-5501-42a6-9512-1c442b0db51b,DRC,50,66,689,195,494,1486,12.93,92,27,Current,Low
164ac6a9-cb13-41bc-b112-8c91c431ed01,Tanzania,24,56,795,67,728,1382,3.8,179,8,Current,Low
ac9b43e8-f4a4-4b6c-875f-f3db5615a1e0,DRC,63,68,709,247,462,922,20.94,131,0,Current,Low
beee17b6-d36e-42a7-9b3c-232e923476d4,Kenya,28,119,913,288,625,2476,45.84,169,5,Current,Low
4626a96b-b83a-48e6-b497-84496737e1b1,Lesotho,65,62,871,206,665,706,40.02,145,0,Current,Low
16161105-32a6-44dd-aa12-5926118b97ba,Mozambique,18,38,190,62,128,2510,27.35,64,21,Current,Low
3a98d45f-bdfd-443f-b7e9-2ab0b41c6372,Ethiopia,31,91,189,265,-76,671,36.27,7,26,Current,Low
cd4a35be-a99f-4ae4-be37-c8b5e9068ec0,Mozambique,33,65,927,103,824,2148,26.59,114,19,Current,Low
e6b40925-ba06-486d-809e-6e1f2c24a3bf,DRC,43,65,1119,234,885,108,15.64,143,42,Late,Medium
aff56984-1539-4ec1-9a44-4df1f4677040,DRC,50,67,1179,199,980,1489,44.17,125,41,Late,Medium
15d1af1b-2269-4f88-9b56-47cbbeaf34f7,Mozambique,54,1,357,47,310,359,16.08,156,0,Current,Low
bfe37372-6eab-4d81-9683-f21365c23fb1,Kenya,23,114,787,151,636,244,28.11,11,43,Late,Medium
2d6cc30c-e3b0-4237-a0ca-af9a43c41bad,Tanzania,18,37,115,217,-102,212,33.41,101,33,Late,Medium
76a286c5-4d42-45ee-b042-2197cf67e824,Mozambique,33,7,407,74,333,105,43.12,134,26,Current,Low
3adc7591-bc08-4d51-a658-5948c5d042c1,South Africa,18,49,135,126,9,268,21.63,15,0,Current,Low
9c03574f-2dab-42f2-b7c6-a328eacd7700,South Africa,40,23,801,298,503,1658,2.74,113,29,Current,Low
da6063ca-9a5c-41a6-81c4-e222aab8002b,Tanzania,27,68,993,240,753,781,20.75,191,29,Current,Low
7f10ff6c-c18d-4308-a1c1-b1b842325c8e,Mozambique,20,96,320,122,198,472,16.37,17,0,Current,Low
8a38b7fe-af15-4ad1-951d-51f1f5bb9334,Lesotho,37,25,1167,64,1103,2154,40.65,187,31,Late,Medium
e31e8657-edb0-4b98-aadd-8b0efb76d5e1,Egypt,46,23,1103,122,981,2981,32.64,178,12,Current,Low
eb305f92-b9a8-40e2-8037-08e5eb67bddf,DRC,22,45,927,62,865,2652,14.89,140,7,Current,Low
58794456-57db-4f60-867f-5d97e81fc0d7,Kenya,59,54,153,7,146,1360,34.12,168,4,Current,Low
a0029a8d-704d-4c97-8570-9d640fd7aaef,Kenya,55,55,228,17,211,1528,23.71,114,39,Late,Medium
9518f4af-d96c-4a4f-875f-9c2fdc587d1b,South Africa,38,60,698,159,539,1371,19.04,39,5,Current,Low
bef18a9a-b3a8-4580-a583-38122304fe21,Tanzania,31,13,868,37,831,1702,6.85,17,1,Current,Low
f981bbda-a980-4e5a-9579-854ecc2d46cb,Mozambique,50,31,58,145,-87,2707,46.41,119,29,Current,Low
8c9b87e6-0fcc-4a2f-a5df-8f8f69c4df6b,Egypt,23,49,216,213,3,2578,29.53,89,22,Current,Low
5bcee943-31f2-403b-8724-9809fb5da55f,South Africa,28,103,1196,91,1105,2449,40.96,131,0,Current,Low
1b4f79db-2d2b-4176-8913-d837bc6a139c,DRC,35,42,281,6,275,1000,5.66,86,8,Current,Low
e349701b-8d60-4d32-b307-406e5b187172,Mozambique,54,117,646,17,629,109,44.23,75,14,Current,Low
159b6b69-e3d9-4923-bcf0-785116f92591,DRC,61,62,710,188,522,2387,46.77,179,17,Current,Low
01c33141-933c-4114-898c-0bfa1238a06c,DRC,52,87,1101,142,959,744,41.31,175,33,Late,Medium
dca419cf-8012-4cdb-93ea-a202040a30e3,Kenya,42,55,309,157,152,252,10.24,175,50,Late,Medium
fccb6e44-0412-4efd-bcf8-07410534689f,Tanzania,43,81,492,193,299,727,45.55,131,0,Current,Low
efc76963-8d90-4e15-b43a-57f599e67f76,Kenya,43,87,350,209,141,330,11.57,172,33,Late,Medium
d69658be-8ab4-45aa-8ac8-f13dd9251149,Kenya,47,1,396,145,251,2851,49.74,145,66,Default,High
58585c59-a958-45d6-afca-4368cbbecebf,Ethiopia,47,119,1087,135,952,1017,40.55,148,19,Current,Low
b63e5524-4671-47e6-8e8f-8c6e73865250,Egypt,65,106,468,23,445,2476,16.73,119,29,Current,Low
69958ef3-ef5b-48d7-a341-f317ddb9b5c1,Kenya,65,63,99,92,7,1112,38.43,39,7,Current,Low
a3ac50d8-7f5a-42b8-b902-89a79e1c9e43,Egypt,53,74,158,250,-92,362,34.21,146,0,Current,Low
057ccf90-2ff9-452c-815a-b8e632880011,Lesotho,58,23,98,108,-10,2520,13.75,42,58,Late,Medium
6d75d47b-685f-4be4-a1d8-df793ecde5c0,Tanzania,57,88,1079,229,850,2441,20.41,181,21,Current,Low
e7afd0b5-70c7-4fef-bd18-4a3542f74433,Kenya,43,35,844,262,582,952,43.96,14,7,Current,Low
026f62d2-9474-488e-acbd-2a7713244660,Egypt,27,62,139,67,72,195,41.82,101,2,Current,Low
737769f8-da28-4797-a60d-5109b3fa2950,Lesotho,53,25,1195,3,1192,347,48.39,171,19,Current,Low
952a6bb0-2484-46d9-abab-3683d87d56a7,Kenya,63,14,1148,134,1014,2485,19.95,58,26,Current,Low
2babca5a-5567-4771-a3a4-31e80c2fe1af,Ethiopia,56,75,735,13,722,1260,37.28,88,21,Current,Low
3ba676b4-f4f1-44f0-8899-58a6b25af804,Tanzania,21,115,922,147,775,1675,6.13,32,31,Late,Medium
d1cb60b6-2711-4223-8512-b96539a5ea01,DRC,57,67,388,117,271,122,27.98,163,1,Current,Low
4dbe171d-9ef0-444e-8c30-5ff811958d94,Lesotho,56,33,944,216,728,367,12.79,78,2,Current,Low
446a85dd-33db-4936-aa29-bbe785a40017,South Africa,53,18,807,200,607,690,8.55,39,40,Late,Medium
ddb1af68-3da9-43e2-a948-40d1864dba2b,DRC,59,46,489,236,253,2846,4.99,108,40,Late,Medium
f634931b-759e-4d7e-b31d-addf24d642a2,Mozambique,27,30,120,212,-92,295,14.66,115,18,Current,Low
7d346489-e275-4a92-abdd-d26383b8cac1,DRC,31,56,1138,88,1050,2390,14.62,7,6,Current,Low
90043016-96d8-4b05-b395-c085b60a096a,Mozambique,27,112,496,23,473,877,8.63,199,34,Late,Medium
1cc2b227-8d58-4441-a09c-a84f30449c51,South Africa,28,68,226,105,121,2126,3.91,63,36,Late,Medium
5fc92fc5-0213-4ee9-b2cc-5a27a0d112e4,Mozambique,53,29,910,23,887,2470,25.58,114,37,Late,Medium
b71ecbf0-cef7-413a-9374-033ea2e4c2f7,Ethiopia,38,36,432,173,259,628,12.32,103,13,Current,Low
48f229d5-3b7d-49ad-89af-1e61ee30c963,Egypt,65,80,1024,92,932,2963,3.48,21,16,Current,Low
43376a8e-6ed0-409c-91a4-e771577fe541,Kenya,52,101,893,7,886,2100,23.13,177,8,Current,Low
be102e16-2d29-4781-9bfc-aa79cf054ae8,DRC,26,64,800,78,722,123,36.14,64,0,Current,Low
1a5959e8-bea2-47d0-b2b0-29ae61116c99,DRC,24,2,468,251,217,689,30.93,166,18,Current,Low
06f391d2-ea20-4314-b3ff-ff5c06f8a771,Egypt,59,117,380,203,177,1638,12.17,113,0,Current,Low
61baa241-d55a-4209-b818-eccf79666ba7,Lesotho,49,79,667,13,654,503,13.17,193,0,Current,Low
f5ec3aaf-8f14-4232-a5b7-43ecdbbbab03,Egypt,46,74,485,125,360,2718,31.74,186,36,Late,Medium
1260ddd9-1e11-46f1-b18b-461e9244d888,Kenya,58,4,1081,201,880,1159,29.37,16,26,Current,Low
b1592648-2e11-4af0-a095-a814da442766,DRC,48,50,1003,91,912,1059,17.3,5,24,Current,Low
8b1f8eb2-b7d8-4e55-b5dc-6c51b582a9e5,Kenya,56,104,379,214,165,223,27.04,160,0,Current,Low
5ab450c1-8ef8-414d-aad8-bb25b5f9adeb,Tanzania,53,42,899,198,701,2093,42.92,7,16,Current,Low
e9c2eca4-0b48-4bed-beb7-b91faa8dd0b4,Ethiopia,31,32,677,295,382,626,37.46,194,4,Current,Low
725937b6-fec7-4a98-af3e-f6fb16554296,Ethiopia,48,99,830,204,626,542,49.74,88,20,Current,Low
393b4841-7812-44a6-87b5-627223ad67b2,South Africa,43,59,260,14,246,2010,38.87,87,15,Current,Low
62bb46a6-e089-4ea5-aaee-0feaefe3d1e1,South Africa,35,23,163,142,21,2132,36.68,80,17,Current,Low
eddd23f2-0395-4540-a514-08868b5d8a20,South Africa,23,116,815,138,677,1495,3.21,62,11,Current,Low
de34cdec-f31e-43f7-8ea2-e2b752f117de,Ethiopia,22,20,817,222,595,2285,48.13,35,9,Current,Low
6ae3745c-26bb-4167-ac1d-052afe58c526,Mozambique,49,48,747,129,618,2471,30.73,108,6,Current,Low
aad2a60a-08c6-474b-a49d-38753ef04ebf,Ethiopia,53,65,879,238,641,391,27.92,189,0,Current,Low
b2a28b43-3f79-4f43-9352-c1d26ccbe22f,DRC,23,52,836,184,652,880,3.88,78,0,Current,Low
fbb69ba0-eae6-4274-b3a9-16a8d611e805,Kenya,21,89,304,96,208,2015,17.12,140,4,Current,Low
c1edbb3c-595b-4918-af15-24d337b05eaa,Lesotho,40,11,350,86,264,1656,0.57,12,37,Late,Medium
7491a24a-799a-40ae-92a6-181b00161b80,DRC,18,31,388,98,290,1030,26.53,85,27,Current,Low
9883271d-d59e-4c66-86c8-31f11595700b,Mozambique,57,72,1143,242,901,1615,22.65,75,6,Current,Low
9ff026da-b188-4422-83fc-995e02117d7a,DRC,26,26,1128,142,986,1519,29.38,155,18,Current,Low
9607b442-64e9-4bc8-831e-b83a989d6ab0,Tanzania,40,66,578,223,355,887,11.46,102,33,Late,Medium
14071ca1-f379-47ca-befb-812b466450e7,Lesotho,54,26,981,110,871,2028,36.85,82,40,Late,Medium
ea7ad887-ef52-47bc-ad90-d767ea8383c7,South Africa,19,50,889,169,720,1630,38.92,157,11,Current,Low
c8d4d2d2-03e9-4b3a-b63a-0f18e51fd2a6,South Africa,23,53,390,175,215,1676,40.12,21,12,Current,Low
9d14efaf-0204-4ccf-a7bf-906be8dbd6e8,Ethiopia,63,48,910,275,635,2839,14.42,193,0,Current,Low
46ddb9a7-46b0-46c8-bc9c-04b005bf0ab0,Mozambique,43,101,640,291,349,1053,12.47,109,37,Late,Medium
58cebfad-d646-46df-8fc5-cf0baeea2a68,South Africa,59,91,1196,133,1063,2678,6.64,148,15,Current,Low
6b067afa-6bc7-47ce-958e-7b9cb683c98b,Ethiopia,37,70,578,54,524,224,12.69,40,14,Current,Low
cc679c1f-5e90-4a1b-a3cc-bc613de4b8cf,DRC,26,29,203,80,123,2842,20.26,177,10,Current,Low
87f5650b-6084-4a52-9476-78dcc13f652f,DRC,40,10,600,127,473,1003,21.26,7,11,Current,Low
a82be4e3-f3de-4c4d-a4a3-a07a9300ef19,Tanzania,51,93,367,164,203,2375,30.41,2,25,Current,Low
e6e288a4-b278-4a44-8fc0-d06f8d0782ad,Mozambique,50,52,301,5,296,2705,6.15,80,0,Current,Low
1770b870-8c04-447d-afc4-3dfd7b8ae6f2,Egypt,20,64,722,69,653,1489,48.17,145,33,Late,Medium
05b9457f-efa4-4a67-a37e-382624517824,Egypt,52,36,578,97,481,2575,1.85,71,19,Current,Low
4b1307a4-a17a-41c7-b36c-fa4fe65eab48,Kenya,47,75,702,102,600,856,34.67,111,52,Late,Medium
31582e51-bb84-404b-9f53-4b01968b743b,Lesotho,41,105,480,63,417,1636,22.51,148,51,Late,Medium
c626bc64-a148-4205-9440-5d50eedcac26,Lesotho,54,65,999,233,766,679,36.06,136,43,Late,Medium
5b3a40e6-52af-4d1f-ab3e-a6bda0773eb1,Ethiopia,24,66,1154,90,1064,1370,20.23,51,28,Current,Low
d80289b2-a488-4294-acce-dd2b26436c0c,South Africa,27,8,671,158,513,268,37.13,141,3,Current,Low
858d0828-ac6f-45e4-b289-f5d15da979a3,Tanzania,25,92,918,224,694,952,6.02,96,39,Late,Medium
d88b364e-15d7-4d46-83fa-c3c0cbda1daf,Mozambique,24,46,403,80,323,2009,16.09,32,45,Late,Medium
f81beb12-83eb-46b4-b89c-9a28d3fe08ae,Ethiopia,42,8,833,5,828,797,46.2,101,37,Late,Medium
8d9fc066-64c6-4679-ba40-2354d813d760,Mozambique,31,112,835,191,644,2122,25.0,173,7,Current,Low
2e8b47f4-6141-4fed-b170-31d11af3f136,Tanzania,54,10,429,219,210,682,19.61,43,11,Current,Low
11662da1-7cd9-4f95-8a65-a02e4ee256ef,Tanzania,59,80,250,10,240,1663,24.06,43,20,Current,Low
01bf3cee-24fd-4fc6-802a-f9582ab23c57,Mozambique,41,49,1035,15,1020,2976,43.95,62,5,Current,Low
3bfacaa4-6f12-412f-80e0-530c868b617a,South Africa,50,41,633,45,588,796,3.3,182,31,Late,Medium
cf7112c3-56e8-41cb-bd6c-95599fb4dcfc,Egypt,62,45,516,61,455,1618,38.01,104,8,Current,Low
b5bc7d08-3768-49ce-bf1e-ed1f3e5a4960,South Africa,61,79,227,186,41,2722,1.08,0,1,Current,Low
34ba7419-501a-464f-9134-2132121352fb,Kenya,22,52,988,246,742,2566,27.69,81,0,Current,Low
a4e12f26-9fde-477d-9a7c-22441829565f,Ethiopia,51,49,537,3,534,1018,23.96,129,35,Late,Medium
c9ffd59f-a5d4-4dd5-a029-0b056b4e42e4,Ethiopia,22,94,577,84,493,2000,40.96,197,0,Current,Low
74212acb-a672-4826-9610-801ca0334b4e,Kenya,42,65,434,287,147,480,1.31,135,11,Current,Low
5b4fcd13-bbc5-4115-8897-b0a8889a3297,Egypt,61,48,377,0,377,1185,26.75,11,27,Current,Low
3fcefbff-8248-4f34-aac0-45c1ac9f17fd,Ethiopia,18,69,705,191,514,1283,33.24,7,16,Current,Low
eb1c6ae5-c758-468d-b384-8c45c5db0add,Egypt,52,99,130,78,52,2383,16.05,58,17,Current,Low
d52ea70e-0d86-4b22-93c8-0f8cdde66560,Ethiopia,55,37,777,78,699,2926,34.97,27,0,Current,Low
ae6ea861-ba1e-49eb-9c06-89dbb2f87453,Egypt,48,98,179,155,24,1750,24.05,2,0,Current,Low
2fe323d7-7bbb-4e68-8039-c595412a8a02,Ethiopia,60,84,660,20,640,1417,4.22,163,3,Current,Low
e22a65f2-0a71-48fa-a960-ac0e7b8d6e0d,Lesotho,27,20,313,70,243,227,21.79,140,18,Current,Low
76eaa978-21ce-4612-bac0-6022bd272360,Kenya,23,5,774,295,479,2093,37.53,27,0,Current,Low
48598029-85d8-4457-8b2c-d344a36a9967,Kenya,43,47,547,2,545,1808,5.88,190,54,Late,Medium
88518de4-25a0-4b33-9d6e-33b36a1b1549,Kenya,35,114,755,7,748,1298,7.37,72,18,Current,Low
25d98d42-7310-42c4-9cc7-552c1f3b0215,South Africa,22,76,297,82,215,2757,7.84,16,7,Current,Low
2160bdc3-a3ed-403c-b8b8-1df4160dcfb8,Tanzania,45,106,268,176,92,346,22.42,111,60,Late,Medium
9a7f0a30-e214-4df2-9c86-6ac42bf21f50,DRC,55,59,908,41,867,524,41.07,121,27,Current,Low
aef561ec-b866-427f-b46f-28ad9a7e8823,Kenya,52,97,979,229,750,1783,6.68,151,33,Late,Medium
605a6c23-4ee7-44b0-a48a-9d28de06343a,Mozambique,43,9,109,234,-125,2589,5.37,103,0,Current,Low
b9385800-5261-4d68-a047-dc4c79e8e99b,Egypt,46,33,1170,9,1161,1844,43.21,158,14,Current,Low
62788ae4-b346-48fb-bfb3-28b3896bf762,Tanzania,33,25,50,212,-162,1373,22.21,78,0,Current,Low
d974ece4-2e5e-4a8a-a6a1-2511d6b6d50a,South Africa,32,28,830,79,751,1416,24.46,26,0,Current,Low
882766bb-b9e9-4e6d-8763-102514383086,Egypt,40,36,191,57,134,2459,17.4,199,30,Current,Low
819024eb-a9f7-4aec-b58e-12073a56bf84,Ethiopia,55,101,980,172,808,2820,27.69,80,37,Late,Medium
1a498a83-aaa4-4885-b0a2-49d54a77c38b,Lesotho,64,57,793,285,508,550,39.46,104,19,Current,Low
4e660184-16ee-4a51-996c-f5134b06a0a8,South Africa,60,89,139,206,-67,1414,14.71,78,17,Current,Low
55c3806e-0459-4610-a0a1-0d9513c625e2,Mozambique,19,99,188,16,172,1731,31.44,81,22,Current,Low
705458b1-5e02-4cfd-b8a9-35805932b154,Egypt,27,104,440,89,351,2365,1.84,116,0,Current,Low
33fd4d39-1b62-45cd-9fdd-17182c45f462,Lesotho,24,69,831,181,650,1457,13.59,160,8,Current,Low
4a24808d-aefb-4349-a24b-2902efeb7987,Mozambique,39,38,85,277,-192,158,45.08,132,12,Current,Low
9299436f-5cb7-4d2b-8d04-5be629ea503d,Tanzania,20,59,588,1,587,521,44.88,52,24,Current,Low
5ad9dcb3-6420-4499-86ae-4a4272846fef,Kenya,40,90,1169,286,883,927,23.15,20,12,Current,Low
715a2fd7-2be5-43de-ba53-aa8c36015532,South Africa,55,73,349,156,193,2440,6.53,121,26,Current,Low
f66e7426-b282-4f29-9847-7cc4d593c9a0,South Africa,31,55,1193,245,948,1676,4.15,53,7,Current,Low
56626628-3151-4044-9c73-77cc8f07db44,Mozambique,49,68,154,135,19,2599,22.17,151,15,Current,Low
857d3ed7-1047-469a-84c0-5386406bf8da,Ethiopia,63,56,392,220,172,270,9.35,137,35,Late,Medium
d6e3b25c-2de8-4bc4-8318-f93b88636bb4,Kenya,30,4,1115,64,1051,2963,20.21,156,0,Current,Low
97c95d7e-9719-46ee-902e-c805b7774f73,DRC,34,27,623,235,388,354,8.87,159,9,Current,Low
bce4b67a-cd1e-44da-ba33-55323269414e,DRC,33,32,179,290,-111,668,23.26,74,51,Late,Medium
4d2f2ee4-07b2-4e03-9eb8-6269ce4a6e05,Egypt,46,110,178,117,61,941,37.19,151,38,Late,Medium
b722e7be-7f5c-4673-9e02-f239d2226bba,Lesotho,53,36,270,206,64,2446,37.62,133,0,Current,Low
1ffb40f3-bab7-4de6-9a31-d781ea639844,Lesotho,47,74,461,191,270,1022,37.54,38,14,Current,Low
267f7972-bba9-4c5b-bd30-7a45e8d93eb2,Lesotho,19,59,1134,9,1125,2235,4.45,122,17,Current,Low
8c4c1f6e-52aa-4f50-a138-c24db3a0a366,Egypt,62,33,730,166,564,1495,19.36,70,2,Current,Low
904cfdf9-2a31-4999-9136-792087d4c07c,Ethiopia,46,56,1033,197,836,442,23.47,134,31,Late,Medium
36e75e1e-33f3-4789-9882-5a284b32e394,South Africa,21,103,122,105,17,2384,12.21,33,10,Current,Low
3220aa64-c8ac-487e-a174-44c01d47fc06,Ethiopia,27,15,195,255,-60,370,47.07,165,3,Current,Low
95613e76-bdf6-4e39-b7fa-c076ec37b0ce,Ethiopia,51,73,143,274,-131,1277,10.67,27,27,Current,Low
9a307278-af42-4f4d-a8cd-043d0c8da8e2,Kenya,33,2,391,251,140,1867,46.37,4,15,Current,Low
9c1adc18-9a3f-4c92-bc90-551959e22e6f,Ethiopia,30,52,1102,146,956,361,8.4,103,36,Late,Medium
75f8b0f4-e65a-4ee2-9c2a-fde2ac6b00b2,Tanzania,46,109,917,1,916,2039,7.81,126,0,Current,Low
84af1da7-8197-4645-ba7e-09a378dfb426,South Africa,52,58,117,243,-126,2695,21.79,105,4,Current,Low
c590003a-429b-4453-99e4-a9e58d2b67a8,Tanzania,21,97,834,13,821,1488,22.77,95,14,Current,Low
88c46f0e-da41-476d-bea5-081ee31abc24,Tanzania,36,37,256,80,176,2132,14.67,55,0,Current,Low
576238a0-19fe-4b9b-bcf5-6796f309e7b0,Kenya,27,47,145,263,-118,1075,22.41,156,20,Current,Low
20b71e75-b8fd-44ac-9ed2-3d59b6f118a7,South Africa,62,91,1157,283,874,2835,36.01,105,37,Late,Medium
ca37d44c-91f2-40b9-a649-496246ebc8b6,Tanzania,60,110,184,3,181,2552,24.94,110,4,Current,Low
3e63fe1e-a750-4415-a15e-acc182fe5ac3,Kenya,28,48,397,184,213,2586,7.22,154,13,Current,Low
285eb839-97d4-47f8-a929-8260743d3c3b,Ethiopia,19,94,627,110,517,233,23.48,168,24,Current,Low
54dbb73f-2ea8-40e4-958f-f90f704c7c30,Egypt,63,54,317,225,92,2458,38.14,158,0,Current,Low
86c6c2c8-8bda-4e55-9248-52f0ff96c794,Ethiopia,26,25,838,223,615,2315,12.65,3,39,Late,Medium
683b3030-1150-4289-99f4-15a500f2fb1c,Kenya,45,4,503,176,327,2225,27.53,110,23,Current,Low
15df0642-12fe-460b-a4d7-0b19d7bc380c,Kenya,43,107,509,179,330,2029,12.01,13,0,Current,Low
67231c9b-0405-4a6b-992a-71223e79c6ef,Egypt,48,21,252,279,-27,319,13.66,117,7,Current,Low
00719199-13eb-4190-8160-175f00619712,South Africa,55,34,976,223,753,1866,18.94,110,0,Current,Low
3927040c-71dd-43e0-ae93-394a92ab0474,Egypt,34,90,659,256,403,894,5.04,18,0,Current,Low
2d3daaae-246b-4933-9a94-0f61faa7a12e,Kenya,21,99,1108,226,882,1102,17.63,79,11,Current,Low
573a8fde-83be-4d23-bac0-c7dc35cecc90,South Africa,18,65,842,53,789,608,40.54,96,38,Late,Medium
decb99a6-6d64-41c1-a0e7-472446c58b1a,South Africa,22,55,457,118,339,1367,18.3,170,24,Current,Low
421aec0d-7b52-47ff-8244-a32da323f806,Egypt,55,95,620,213,407,706,46.29,175,10,Current,Low
79186310-261b-415f-affe-6503a71dca53,South Africa,64,57,808,100,708,205,5.72,158,0,Current,Low
3f542f64-0a27-402c-808d-1c894f4f552e,Tanzania,25,1,931,197,734,708,25.2,88,12,Current,Low
52cc8a8c-8155-4a4a-9970-53cc67dfebd4,Kenya,45,107,639,271,368,1415,45.05,45,10,Current,Low
8853357f-31e9-44f1-a8d6-48f756693aa1,Egypt,46,63,502,282,220,1824,42.2,162,45,Late,Medium
79dda274-7afb-4228-9530-a1c9ed1e6407,DRC,30,30,1049,70,979,2399,27.22,33,29,Current,Low
8d459400-9a2f-4666-b715-4ce185f528b2,Lesotho,20,41,440,249,191,896,35.71,63,52,Late,Medium
e99faf36-c111-48f9-a020-bf1e802e932a,Mozambique,22,91,1043,34,1009,186,41.06,50,14,Current,Low
0711796d-ce5f-419f-a36e-0204af0fd82a,Kenya,57,86,1107,159,948,453,23.56,65,0,Current,Low
95aac362-bb7b-49ae-9398-2703e0ddc87a,South Africa,25,117,373,40,333,1456,16.65,71,0,Current,Low
77a8139a-5caa-41d5-bd45-004c45c9cdc1,South Africa,35,90,243,213,30,2486,12.92,67,7,Current,Low
0d9d2c20-9d60-4279-b8c6-5c294412fbe4,Mozambique,58,52,1117,45,1072,2066,3.52,65,0,Current,Low
b49357da-f03b-41c3-b077-bcc5b6f93bac,Mozambique,33,21,433,221,212,1324,28.5,64,47,Late,Medium
68db16c7-956e-4dc4-89eb-a450119f430c,Lesotho,28,63,127,35,92,814,40.1,167,27,Current,Low
a98752a9-9c53-42d3-8937-627ca0e13fb6,South Africa,60,109,98,102,-4,650,19.74,20,4,Current,Low
4fd2f037-29b9-486d-aa27-0754690d8cf8,DRC,30,6,534,63,471,2189,15.5,8,22,Current,Low
9879efa4-6334-4718-a20e-82e6885810be,Tanzania,51,113,840,58,782,1723,19.85,104,25,Current,Low
e2404bc3-7293-4ac6-ae5d-9f0f9214b625,South Africa,62,91,904,134,770,1528,14.12,80,8,Current,Low
0a801ab9-9126-42e4-a6fb-19b1bf5e83dc,Ethiopia,56,79,811,293,518,2195,22.55,191,13,Current,Low
4413d5ea-0eeb-4a6d-9496-30333ec2e09c,Egypt,65,11,972,264,708,2624,16.41,56,26,Current,Low
609ae9f9-3121-4434-96a1-5f73ad143929,Kenya,59,33,157,92,65,1359,15.84,102,20,Current,Low
40e6a675-5fa0-4744-a216-7f51ab873cf4,South Africa,56,9,977,107,870,1178,23.86,135,49,Late,Medium
ce893156-9a3e-4c51-8dbd-3fd0f71df857,DRC,43,35,1024,8,1016,1995,12.88,141,3,Current,Low
463015d1-7131-48a6-823b-eb7fcbf3041a,Kenya,63,24,1159,184,975,2346,11.5,91,24,Current,Low
15e02ae9-fff8-46a3-8acc-1f74ec2fe98c,Ethiopia,27,83,767,283,484,574,18.9,93,0,Current,Low
2ec632f0-87a2-478e-ba54-d75dd89c8e96,Kenya,62,83,865,281,584,130,44.0,3,18,Current,Low
eade072b-af88-4aea-9de8-46a397ed73c4,DRC,48,95,1029,298,731,934,30.77,81,41,Late,Medium
8b9d2102-e862-457c-817e-56b58912db0f,South Africa,39,86,296,246,50,1603,29.79,7,22,Current,Low
de416a71-2f9b-4d72-9a1f-1fe4c174c1e7,Tanzania,38,100,1161,200,961,551,18.0,25,0,Current,Low
154c8cbe-e83b-4781-b69d-a575c15ed223,Lesotho,32,116,114,266,-152,2122,12.96,8,46,Late,Medium
1869f5b5-90e3-4b9e-8d70-b7a6e9563768,Lesotho,41,36,983,54,929,476,26.53,185,0,Current,Low
d7ddb0d9-0468-49f5-9310-8948e373ec95,DRC,41,40,553,113,440,2932,36.09,41,0,Current,Low
39739fb3-2ab9-48d6-a804-44de8173c349,Mozambique,44,82,902,16,886,609,25.83,169,33,Late,Medium
ec351d95-f23c-4a9c-bb86-5fe4af002c04,Lesotho,25,110,217,95,122,2758,7.12,72,14,Current,Low
32b753ba-0579-4a53-81ce-67b21f9a6ef7,Mozambique,63,26,233,134,99,2526,16.22,90,25,Current,Low
3d380ba1-c282-4a8e-978f-974b0ac06db2,Mozambique,26,111,898,60,838,1519,14.7,139,0,Current,Low
6348b72b-7f43-491b-9c12-96ecd1d5587a,Ethiopia,23,61,404,26,378,1396,23.42,48,20,Current,Low
6635755a-b81d-41e7-9f18-6415062017ed,Ethiopia,47,120,73,160,-87,168,20.39,75,0,Current,Low
d11edca9-0fd6-4aa8-b10a-6d592d3e9883,Kenya,53,30,1024,1,1023,2659,12.32,104,24,Current,Low
77b8d609-d364-4ebf-bd70-0c47928863d7,Kenya,46,44,1106,151,955,2777,28.29,4,28,Current,Low
1fca0362-9915-4eb2-9939-82086121faa3,Tanzania,53,95,471,129,342,108,43.68,76,21,Current,Low
3d419720-4427-4cb9-ab64-0e9ed54c1bf5,Kenya,31,86,1190,138,1052,320,30.43,121,17,Current,Low
d69710fd-5452-4316-92cd-3d0fdbd5ca04,South Africa,54,55,1153,112,1041,890,24.56,142,29,Current,Low
09c203b7-93fc-4891-8f72-81bf3d65e4f4,Lesotho,40,75,880,274,606,2999,39.5,35,23,Current,Low
ac9c921a-625b-403d-92b6-347e5c516574,Egypt,31,73,918,96,822,456,27.89,8,5,Current,Low
10ede6e3-be4d-4385-b0b3-83391ee16dfd,DRC,33,20,409,204,205,2743,24.17,197,61,Default,High
b38448c7-1d9d-42c7-b807-01dd2a866e84,Lesotho,25,68,314,254,60,665,41.66,112,40,Late,Medium
f87f0fd5-4f8b-4ba6-9e9d-066ab56ca7df,Mozambique,59,57,746,297,449,823,7.24,31,26,Current,Low
295dfd0f-3403-437b-bb39-41fff1aa1a29,Kenya,43,99,200,159,41,1962,33.81,14,0,Current,Low
8b09ab30-d30b-4b8c-b0ce-d43f79dfc5a9,Mozambique,49,91,618,5,613,1192,26.82,153,22,Current,Low
8141a960-8992-4a6a-bba6-e530b3c2b08a,Mozambique,45,117,1157,276,881,2227,36.63,111,19,Current,Low
e23ce302-c80a-49c7-8e35-8393a020b349,Ethiopia,31,84,1019,243,776,1796,35.3,60,35,Late,Medium
602e431c-eee8-410a-afd5-fed85aafd7e6,Ethiopia,34,107,735,150,585,2819,13.67,29,0,Current,Low
df26d06d-9eda-4b5c-9735-a77cc49a7b20,Kenya,24,109,364,283,81,2112,30.8,70,11,Current,Low
b9f17654-492f-4280-b42d-d305ffce1975,Kenya,52,24,740,21,719,1140,4.37,150,0,Current,Low
78566789-b78e-448d-b1f9-16d6cb65c16c,Kenya,37,105,588,158,430,1765,47.17,183,23,Current,Low
444402a0-0d80-45e3-b509-d31a99d34988,Mozambique,63,100,163,255,-92,317,4.37,132,24,Current,Low
55b3803a-813c-409e-801b-3044e1b08f40,Ethiopia,21,68,339,241,98,1714,37.19,72,7,Current,Low
febfd124-0dd3-4603-9a3b-73aeeb69e851,Ethiopia,53,39,1194,132,1062,1632,30.69,124,22,Current,Low
b7657a89-85ed-451a-82bc-c280167fcb3f,DRC,19,71,1061,46,1015,2673,7.02,154,0,Current,Low
3eeb5878-2e5d-40e4-ae56-17be94d22e65,Lesotho,41,115,174,42,132,2852,3.93,90,15,Current,Low
f72b742c-81ff-4bee-bda0-974a1da9b42a,DRC,61,42,102,59,43,1405,29.17,190,38,Late,Medium
04520dbd-3c1d-4ff1-800d-4e7bf67c34d8,DRC,52,91,140,0,140,897,11.24,164,7,Current,Low
fba7f9a1-720d-4bda-9976-d4024da3cf0e,Mozambique,49,86,430,295,135,1980,37.75,141,28,Current,Low
9139d83b-12b0-45fb-ac44-b6c2a6139926,Mozambique,27,73,366,69,297,2609,14.32,67,1,Current,Low
d57af348-d0c9-450f-a2ec-bca556c9f89b,Kenya,55,46,164,55,109,2548,8.53,24,0,Current,Low
5ece39b0-0b72-42d7-92c3-ed9685225c64,Tanzania,58,98,341,46,295,1474,21.04,26,0,Current,Low
1d1b0943-ed3f-4ac4-9723-db87c1cc61ce,South Africa,33,98,513,47,466,2565,18.84,111,0,Current,Low
3c7c65b2-ef85-4edb-a07b-d9e2ffe60881,Tanzania,48,78,68,168,-100,2214,11.11,88,31,Late,Medium
8d7bc974-c4d0-430d-a073-623cb455748b,Mozambique,30,59,566,293,273,2001,14.94,141,9,Current,Low
264a3fcd-75e7-4317-af59-2df77e9f76c2,Mozambique,65,43,189,58,131,1538,37.05,68,4,Current,Low
2e7014c1-c1c0-4bb9-a747-7018aabb8bea,Mozambique,58,57,66,14,52,2559,18.7,186,15,Current,Low
a0a9f60e-c6db-40c5-83ba-7a614e947832,Ethiopia,42,100,670,157,513,334,8.35,113,55,Late,Medium
3ce14759-5a8c-4fda-bf9c-f7e7721835c9,Mozambique,45,92,456,180,276,1054,25.99,163,0,Current,Low
2bd404a8-044f-48bf-99e7-25b9e36fb063,Mozambique,64,77,384,291,93,2737,27.21,154,0,Current,Low
164e3d71-f08d-472e-98fe-71488f158c3a,DRC,28,112,967,178,789,1438,37.6,133,5,Current,Low
ff6d5fda-17cc-4244-b5e8-24f63adaa1e5,DRC,21,101,1161,112,1049,1420,20.5,0,36,Late,Medium
846b81aa-4106-45fb-b4e1-bffb548be780,Mozambique,37,25,543,223,320,2095,35.44,177,13,Current,Low
b6e31709-652a-4630-bf2a-62f6f6898320,Tanzania,35,54,410,258,152,854,11.04,133,0,Current,Low
9143bb04-0031-4d72-acad-5e1be315baf4,Egypt,40,52,823,171,652,2469,44.44,148,63,Default,High
5a9e5f65-41c8-40a6-bed8-dcf8e6bf48f5,Egypt,41,10,627,175,452,2030,47.07,109,23,Current,Low
9120cb92-a1ed-4108-90c2-c6ba92574ed4,South Africa,50,31,632,221,411,2093,26.63,110,0,Current,Low
155854d4-3954-4aa1-9129-97f4c8b4f237,Ethiopia,46,51,92,41,51,2270,43.3,182,11,Current,Low
